:020000040800F2
:10000000200B0020D5000008393F0008511E0008D1
:1000100000000000000000000000000000000000E0
:10002000000000000000000000000000B5440008CF
:1000300000000000000000000144000835560008E0
:10004000E7000008E7000008E7000008E7000008F4
:10005000E70000085D16000891160008C9160008A0
:1000600000000000E7000008E700000800000000B2
:10007000E7000008E7000008E700000800000000B3
:10008000E7000008E700000800000000E7000008A3
:1000900000000000E7000008E70000089D280008B5
:1000A00000000000E7000008E7000008755600089F
:1000B000E700000800000000E70000080000000062
:1000C0000348854600F0CEFC00480047AD0A000812
:1000D000200B00200448804704480047FEE7FEE765
:1000E000FEE7FEE7FEE7FEE745560008C100000810
:1000F00030B50B46014600202022012409E00D46C0
:10010000D5409D4205D31D469540491B2546954047
:1001100040191546521E002DF1DC30BD03460B433D
:100120009B0703D009E008C9121F08C0042AFAD2AD
:1001300003E00B780370401C491C521EF9D2704733
:10014000D2B201E00270401C491EFBD2704700226F
:10015000F6E710B513460A4604461946FFF7F0FFC6
:10016000204610BD421C0178401C0029FBD1801A9A
:100170007047F8B502464A40D40F42004B0052087F
:100180005B089A4202D20246084611464A0023D032
:10019000C30D4A00DDB2120EAD1A202D35DA490228
:1001A0000126490AF6058A19002C00D05242202166
:1001B0004F1B1146B9402A411018C20D9A4221D056
:1001C000002C17D0012D08DCDA05801AD20F801917
:1001D000D207DBB200F022FBF8BDDA05801A01235A
:1001E00040001B06C01880185A428018CA0F1043DE
:1001F000490007E04908C2071143DA05801A80194F
:100200004008801800F002FBF8BD61000122511A7D
:10021000001BF7E70122D2075140AAE70122D207CB
:100220005040A6E7024670B54A40D30FDB074000B6
:100230002DD04A002AD0010E140E00021202091914
:10024000400A520A8418E50104465443000A120A7F
:100250002E045043A4194219200CC543AA18120CAD
:100260000125AD03521C521912047F39240400D019
:10027000521C104301D44000491EC2B20C06C009F2
:100280002018401C4008802A02D003E0002070BDE6
:1002900040084000002900DA0020184370BD70B506
:1002A00002464A40D50F40004A00ED074008520878
:1002B000002814D0002A12D0C40DD30D4102012011
:1002C000C0055202490A520AE41A091812187D346C
:1002D000914201D3641C00E04900002C01DA0020A7
:1002E00070BD0023914201D3891A0343400849009D
:1002F0000028F7D100290AD0914202D10121C90773
:1003000005E0914201D2012101E00121C943E0054C
:10031000C018401900F07AFA70BD0000F0B5074629
:100320000846584087B0C00F049048000E46590058
:1003300040084908BC1A884105D2384631461E4655
:1003400017460B4602465800400810434CD0300D6B
:10035000039040055900400D490D0590401A029048
:10036000402872DA18030121000B090508430190A7
:1003700004980092002805D001995242002088413B
:1003800000920190029840210A1A0199009800F009
:100390001AFA05460C466B4607CB00F024FAC01942
:1003A0007141039A0E0D0023D71756401A467A4022
:1003B000164344D0049A002A2DD0029A012A039AA7
:1003C00015DC1205C01A914101263605001C714149
:1003D000D20F059ED2070093019202962A46234629
:1003E00000F062FA07B0F0BD38463146FAE716056C
:1003F000224A0F46B218C01AB74101210905001C54
:100400004F4100187F41114618187941E20F1043FF
:100410006D19644113E0E2076D0815436408C207D3
:100420001443039A01261205C01A91413605001C97
:100430007141CE07400830434908C01851412A464F
:10044000234600F024FACDE7FFE70498012240009C
:10045000C117121A00238B4104983146C417381A69
:10046000A141EEE730B40124E407634030BC55E716
:1004700030B40124E407614030BC4FE70000E0FFE6
:10048000F0B51FB488B00B99099800244840099929
:10049000C00F490049080991C0070B990090490015
:1004A00049080B9109990898A64608431CD00B9956
:1004B0000A98084318D0099801244000420D4800CA
:1004C000410D099824050003000B204309900B9867
:1004D0000003000B20430B9050181C4940180022C9
:1004E00001901446104605E0002001460DB0F0BD15
:1004F000032801DA034600E003239C46C11A0AAE32
:100500000AE05F0008ADED5B4F00F75B7D4300271D
:10051000AA187C41491C5B1E6145F2DD410004AB19
:100520005A522104120C0A43240C401C0828DFDB19
:10053000019802900099704601910090059B049AE1
:100540000799069800F0B0F9D0E700000DFCFFFF16
:10055000F0B50C465C4085B0E40FE40703944C0012
:100560000026640859009446490802460296224330
:1005700021D062460A431ED06200570D4A000E0386
:100580002303550D012402462C492405781B1B0B1F
:10059000360B401823432643614600901C46501AF0
:1005A000B44103D30098401C009002E092180098D8
:1005B0005B41002803DA0020014605B0F0BD0020B1
:1005C000012109050746864611E064461D46141BB5
:1005D000B54106D36546521BB341744607430C43ED
:1005E000A646CD0740084908284392185B410546B6
:1005F0000D43EAD11046184313D0604619465040C7
:100600007140084306D06046101AB34106D2012259
:10061000002306E000220123DB0702E00122D2438F
:100620005310009874460105381C6141029C039DDB
:100630000019694100F02BF9BFE70000FD0300003D
:100640000122D207002800DB101A002900DB511A12
:10065000814201D801207047002070470122D20753
:10066000002800DB101A002900DB511A814201D258
:1006700001207047002070470122D207002800DBCC
:10068000101A002900DB511A814201D9012070475C
:1006900000207047C217C10F504010B54018CA075C
:1006A0009623002100F0BAF810BD10B50022962361
:1006B000114600F0B3F810BD0EB5054902910021B6
:1006C00000910A460B46019100F0EEF803B000BD20
:1006D00033040000C20F410040020123400ADB0541
:1006E000D207090EC0187F2901DA00207047962929
:1006F00003DC9623591AC84001E096398840002A45
:10070000F4D040427047C20FD207400040080BD0DF
:10071000C10D0723DB01C91840020905400A114336
:10072000C208400711437047002001467047CB0FB5
:10073000DB07490010B5490802460A4307D00A0DF5
:1007400007240903E401090B121B002A01DC002025
:1007500010BDC900440F0C43C100E018D205801839
:1007600000F054F810BDF0B51FB40646002082B06A
:1007700005464024019100901BE0019922460F4656
:10078000304600F081F9049A059B801A994110D3F4
:1007900010461946224600F016F8361A8F41019786
:1007A000224601200021009F00F00DF838184D412D
:1007B00000902046641E0028DFDC019B009829463B
:1007C000324607B0F0BD10B5202A04DB0146203ABE
:1007D0009140002010BD914020239C1A0346E34025
:1007E0001943904010BD10B5202A06DBCB170846F0
:1007F000203A1041C1170B4306E00B461341D0408D
:100800002024A21A91400843194610BD002904DA99
:10081000401C490001D140084000704770B40024DA
:10082000050C05D11024000402D1002921D0112487
:10083000050E01D100020834050F01D10001241D6D
:10084000850F01D18000A41C002801DB4000641C3E
:10085000002908D020252E1B0D46F540A14000D0D0
:1008600001212943084301061B1B000ADB1D02D599
:10087000002070BC7047DB05181880180029F8DAD2
:10088000401C4900F5D170BC40084000704710B5CD
:10089000002B08DA0024401C614192185B411A4386
:1008A00001D14008400010BDF0B51FB482B005462C
:1008B0000C0003D0084606F04FFA02E006F04CFAAE
:1008C00020300246009021462846FFF77CFF049B1B
:1008D000059A04460F4618431143084314D018469E
:1008E00010431BD0009840210A1A1846059900F0C1
:1008F000CBF805460E46009A05990498FFF763FF6A
:10090000084305D0012004E02046394607B0F0BD79
:100910000020C11705430E432C43374300990E981E
:100920006305401A7905E40A00220C43FD0A0A30E7
:1009300002D500200146E9E70105101969410C9C28
:100940000D9D00196941FFF7A2FFDFE770B54B006D
:100950005B0803430BD04B005C0D00263346654219
:10096000B341D417AD1AA34102DB0020014670BD8C
:1009700012053018514170BD0EB5C217C10F50405D
:10098000CA0740180021054B0293019200910A46C4
:100990000B46FFF789FF03B000BD000033040000E1
:1009A0004A0009030123090B1B0519430A4B10B523
:1009B000520D9A4202DA0020014610BD064B343334
:1009C0009A4203DC9A1A00F05FF810BD034BD2186C
:1009D000FFF7F9FE10BD0000FF030000CDFBFFFF95
:1009E00010B5002904DB0124E40740428C41214674
:1009F000002B04DB1C460123DB075242A3418B4240
:100A000000D1824210BD000010B5002904DB012492
:100A1000E40740428C412146002B04DB1C460123A5
:100A2000DB075242A341994200D1904210BD000021
:100A300002000A4800D4821A002900DB411A9142C0
:100A400004D301204007914200D10548EFF3008113
:100A50000902090A014381F3008870470000008001
:100A600000000060064C0125064E05E0E36807CC57
:100A70002B430C3C98471034B442F7D3FFF724FBC8
:100A8000E89700080898000810B5202A04DB0846FB
:100A9000203AD040002110BD0B46D340D040202446
:100AA000A21A91400843194610BD000080B50020ED
:100AB00007490122D306C3580B50001DC028F8D1A6
:100AC00050070449086004F027FF002080BDC0469D
:100AD0000000002008ED00E080B502F00BF90028CE
:100AE00005D102F085F902F001F90028FBD180BDA3
:100AF000F0B583B01C461546074602F0B9FC002845
:100B0000FBD102F00DFC012001908602304602F07C
:100B10008DFB02F065FC02F0B9FC0128FBD1FE2040
:100B2000384002F0CBFC02F08BFC0128FBD102F034
:100B300085FB02F055FC02F0A9FC0128FBD10198CD
:100B40000743384602F0BAFC02F07AFC0128FBD1D8
:100B50002746022C2C460BD0012F3D4617D0002DE6
:100B600023D102F06BFB02F043FC002D31D123E0D6
:100B700002F00CFCEFF3108072B602F05FFB002075
:100B800002F054FB62B63D46002D22D114E0002055
:100B900002F04CFBEFF3108072B602F04FFB02F054
:100BA00027FC62B6002D14D106E0304602F03EFB71
:100BB00002F044FB002D0CD103B0F0BD02950226DB
:100BC0002B4D02F071FC207002984519BC192804C5
:100BD000F2D0A8B2042814D20128029522D002280B
:100BE00029D102F03FFC0128FBD1EFF3108072B64F
:100BF00002F0FEFB02F058FC207062B62746641C2F
:100C0000DDE702F03DFC0128FBD102F04DFC207035
:100C10002746641C02F026FC0128CFD06D1E280454
:100C2000D7D1C9E702F02CFC0128FBD11048451CA4
:100C3000019E2746C5E702F015FC0128FBD10020E4
:100C400002F0F4FAEFF3108072B602F02DFC20707F
:100C500002F008FC0128FBD102F0CAFB02F024FCE0
:100C6000607062B60248451E2746A41C0326A8E70A
:100C7000FEFF0000F0B581B01C461746064602F0A4
:100C8000F7FB0028FBD102F04BFB02F0A9FB02F0BE
:100C9000FDFB0128FBD1FE200640304602F00EFC91
:100CA00002F0CEFB0128FBD102F0C8FA002C05D1DE
:100CB00002F09EFB01B0F0BD2004F9D03E4602F0E8
:100CC000EBFB0128FBD1307802F0F8FB771C009495
:100CD000641E250402F0C6FB002DEDD00128EBD1E7
:100CE000707802F0EBFB0098841EB71CE4E700006C
:100CF000F0B581B0009316460F460546002402F079
:100D0000B7FB00281ED12B46009DC848817B0029D7
:100D100018D1069904228273FE2213400370477093
:100D200046608581816080680021017002F046FB89
:100D30001C48006814301C49086002F0F1FA02F007
:100D40004FFB0124204601B0F0BDC046F0B581B094
:100D50001E4617460D4604460020009002F088FB10
:100D600000281CD1B148817B002918D106990122A5
:100D700000928273FE2214400470457047608681A1
:100D8000816080680021017002F018FB054800684E
:100D900014300549086002F0C3FA02F021FB009804
:100DA00001B0F0BDE4060020BC06002080B501F0D3
:100DB000E5FF02F059F8FFF78FFE012002F088FBF3
:100DC000102002F0E8F9202002F0E5F901F0E8FF38
:100DD00001F0DAFF01F0FCFF01F0ECFF01F0F0FFA1
:100DE00001F0FEFF01F0BAFF01F098FF01F09CFF57
:100DF00001F0ACFF01F08AFF80BD0000B0B5094CE6
:100E00000025256001F098FF01F060FF01F0AEFFC2
:100E100001F064FF0028FBD001F054FF01F070FFE7
:100E20002560B0BD28240140F0B583B001AD022794
:100E3000AF710124AC8040200190284602F098F860
:100E400000202A4902F0EAF80726304604F028FD7F
:100E5000304604F00DFDAF71AC800194284602F0DD
:100E600087F803200104204602F0D8F80526304612
:100E700004F016FD304604F0FBFCAF71AC80019726
:100E8000284602F075F86120C102204602F0C6F83B
:100E9000304604F005FD304604F0EAFCAF71AC804A
:100EA00004200190284602F063F831200103204617
:100EB00002F0B4F80626304604F0F2FC304604F0A6
:100EC000D7FCAF71AC8008200190284602F050F8A2
:100ED0006320C102204602F0A1F8304604F0E0FC95
:100EE000304604F0C5FC03B0F0BDC046011001005F
:100EF000F0B587B0002706970597049703970297E8
:100F00000197232002F0E4FA06970225059504973D
:100F100003950320029010200190414801AC214626
:100F200002F096F806970126059604970395029716
:100F300040200190052000070090214602F088F82B
:100F400006970596049703950297019661482146F6
:100F500002F07EF801955F48214602F079F80420FE
:100F600001905C48214602F073F8069705960497B5
:100F700003950297082001905648214602F068F830
:100F800002F0C2F805970497039702963003019088
:100F90000098214602F05CF802F0B6F807B0F0BD08
:100FA000F0B58BB001F0AEFD0C270A97012609962B
:100FB00008960224079406940594194805AD29461D
:100FC00002F046F80A970996089607940694059643
:100FD0001348294602F03CF801F016FF01F032FFF9
:100FE00001F038FF02F0F4F902F0C2F90024049491
:100FF000AA200390B00302900A4801900A4801A970
:1010000002F000FA04F06AFC04F03CFC02F0C6F9BD
:1010100002F08EF902F094F9044884730BB0F0BD2D
:1010200000140050801A060000540040F000002018
:10103000F0B58FB002270E9701242602009609967C
:10104000244809AD294602F003F80E9709960520B9
:1010500006073046294601F0FBFF0E97E002099093
:101060003046294601F0F4FF0D200E9060030990F0
:101070003046294601F0ECFF0027079705970294B8
:10108000602601960497494801AD21462A4602F0A0
:101090008FFB0497464821462A4602F089FB0497B5
:1010A000102143482A4602F083FB009807900597D9
:1010B00002940196049721033D4C20462A4602F0F3
:1010C00077FB204602F014FB204602F017FB0FB01E
:1010D000F0BDC0460004005080B502F035FA02F0C1
:1010E0005BFA02F051FA02F035FA02F045FA80BDDF
:1010F00080B501F0C7FE01F095FE02F089FA1348B1
:101100000068134901400120C003081802F09AFA50
:1011100002F090FA0128FBD102F0B8FA02F0C6FA08
:1011200002F05CFA0028FBD102F0B8FA02F002FAF1
:1011300002F0D0FA01F084FF064802F0D3FA02F080
:101140008DFA02F05DFA02F091FA80BD100FFF1FD8
:10115000FF1F000000366E01B0B586B00025059572
:1011600004950395029501950124600401F096FE13
:10117000E00201F093FE01AC2574258002950495F0
:1011800009480390094D2846214602F0C1FA284635
:1011900002F0AEFA284602F0B1FA0548214602F004
:1011A000B7FA06B0B0BDC046E703000000440140F6
:1011B000002C014010B5044601F07CFE1D4800687B
:1011C000214602F0B7FB02F0D7FB02F0EFFB02F082
:1011D000E5FB02F0D9FB02F0F3FB02F059FB02F051
:1011E0004BFB02F081F902F07FF90424204601F064
:1011F000DBFF204602F008F8204601F0EFFF204612
:1012000001F09AFF0824204601F0CEFF204601F0AD
:10121000FBFF204601F0E2FF204601F08DFF02F0C7
:1012200045FB02F03DFB02F049FB04F061FB04F0DA
:101230002FFB10BDD000002080B5002001F0F6FC8F
:10124000002801D0012080BD002001F0D3FC00283F
:1012500001D0052080BD002001F0D8FC002801D07D
:10126000092080BD012001F0E1FC002801D002200E
:1012700080BD012001F0BEFC002801D0062080BD09
:10128000012001F0C3FC002801D00A2080BD02200B
:1012900001F0CCFC002801D0032080BD022001F029
:1012A000A9FC002801D0072080BD022001F0AEFC7F
:1012B000002801D00B2080BD032001F0B7FC0028DE
:1012C00001D0042080BD032001F094FC002801D04F
:1012D000082080BD032001F099FC002800D00C20DC
:1012E00080BD70B582B0044601AE00253570062081
:1012F000314601F045FC307804F006FB7D21090100
:101300004018E0800520314601F03AFC307804F0C6
:10131000FBFA20710420314601F032FC307804F0F1
:10132000F3FAE070284602B070BD70B582B0044692
:1013300001AE002535700220314601F021FC3078E5
:1013400004F0E2FAA0700120314601F019FC307877
:1013500004F0DAFA60702846314601F011FC30786A
:1013600004F0D2FA20700320314601F009FC3078F5
:1013700004F0CAFA2072284602B070BDF0B581B000
:10138000009316460F4604460A252946FEF7B0FE8E
:1013900029464143611A00010843C1B2062001F009
:1013A00004FC38462946FEF7A3FE29464143791A34
:1013B00000010843C1B2052001F0F7FB3046294681
:1013C000FEF796FE29464143711A00010843C1B257
:1013D000042001F0EAFB009C20462946FEF788FE27
:1013E0004543611B00010843C1B2032001F0DDFB4E
:1013F000002001B0F0BDF0B581B014460E4607469E
:101400000A252946FEF774FE29464143791A000150
:101410000843C1B2022001F0C8FB30462946FEF75E
:1014200067FE29464143711A00010843C1B20120F9
:1014300001F0BBFB20462946FEF75AFE4543611BDF
:1014400000010843C1B20024204601F0AEFB204653
:1014500001B0F0BDF0B585B06A48047807466A4827
:10146000C2886A4E6AA1304605F050FC083C601EF6
:1014700084410094002510242846294622463346FC
:1014800002F02AFF0126009620200490624B294694
:10149000224602F021FF3F785B4802795F495B48B2
:1014A00005F034FC093F781E874100972820294623
:1014B0002246564B02F010FF00963820294622465D
:1014C000554B02F009FF4F4807784F48C2784F4804
:1014D000524905F01BFC0A3F781E874100974020C7
:1014E00029462246494B02F0F7FE009650204CA3B5
:1014F0002946224602F0F0FE4248077842488278A8
:101500004248464905F002FC0B3F781E8741009790
:101510005820294622463D4B02F0DEFE0096682008
:10152000404B2946224602F0D7FE36480778364817
:1015300042783648394905F0E9FB0C3F781E87416F
:1015400000977020039529462246304B02F0C4FED6
:101550000096284621462246324B02F0BDFE29481D
:10156000077829480278294D28462C4905F0CEFBFA
:101570000D3F781E874100970820214622462B46C2
:1015800002F0AAFE0096182027A32146224602F068
:10159000A3FE1C4807781C48027A24A1284605F0BF
:1015A000B5FB0E3F781E874100973746049D2846BD
:1015B00021462246154B02F08FFE00963020029005
:1015C0001BA32146224602F087FE00961BA3039E22
:1015D00030462946224602F07FFE00971BA3304684
:1015E0000299224602F078FE19480078012806D1B7
:1015F000009750203021102216A302F06DFE05B096
:10160000F0BDC046BA0600205C0500209E06002002
:10161000253034640000000078900008FB91000839
:101620005F000000B19000082E000000256400005B
:10163000B3A4B0B4C8B7C8CFBCFC000031C3EBD270
:10164000D4C9CFCBC9BFAABAF3B1A300B4E6000096
:101650007B050020D2D4B1A3B4E6000010B501246C
:10166000204601F0D1FC002804D1022001F0CCFC7E
:1016700000280BD0204601F03FFC022001F03CFC8A
:10168000104804707D20C0001949088010BDC04674
:1016900080B5082001F0B8FC002804D1042001F036
:1016A000B3FC00280CD0082001F026FC042001F037
:1016B00023FC0448012101707D20C0000C490880F2
:1016C00080BDC046E206002080B5402001F09CFCB1
:1016D000002809D0402001F00FFC044801210170CE
:1016E0007D20C0000249088080BDC046C0060020A1
:1016F0009C06002010B582B008480268084C09A179
:10170000204605F003FB0120009000201022014636
:10171000234602F0E1FD02B010BDC046342C01406A
:101720009E06002050413850574DD5BCBFD5B1C89A
:101730002564000010B5002A05D00023C458CC5001
:101740001B1D9342FAD310BD0D4800214160234870
:10175000016804220A4302600120C00601490160B9
:101760007047C04621433412054900224A601B4994
:101770000A68022313430B60FF2101607047C046D3
:10178000E8060020F0B581B0144A146801231C4318
:101790001460EFF310840094EFF3108572B6002507
:1017A00002E01F2D354609D240C940C06E1C1F2ED5
:1017B000F7D1DF0414683C431460F2E7009880F32B
:1017C000108801B0F0BDC0460121C902034A136868
:1017D0000B431360FF2101607047C0461420024094
:1017E000B0B57D20C40000F02DFB0519064C206823
:1017F000C00305D500F026FBA842F8D30320B0BDF6
:10180000024820600020B0BD10200240118000007E
:10181000F0B589B017460C4605460026089607968F
:10182000069605960496039600F0F8FA02977F371D
:10183000FF090597049502200190039003A808A9C9
:1018400000F06AF9002805D016A005F04FFA012033
:1018500009B0F0BD002F029905D0A859401C1BD13A
:10186000361DBE42F9D34E19AE4206D800F02EFA0C
:10187000032009B0F0BDB542F8D201202946224626
:1018800000F02EFA002802D00028F4D102E08034C3
:101890000028F0D18035EEE706A005F027FA019880
:1018A00009B0F0BDB2C1B3FDCAA7B0DC31A3A1A39A
:1018B000A1A3A100B2C1B3FDCAA7B0DC32A3A1A30A
:1018C000A1A3A100F0B585B00491054640B200285F
:1018D00000D50025002802D50498801C0490203AE9
:1018E0000A98102B06D0082B4ED10026002806D0CF
:1018F000304605E00026002824D0304623E0F0439F
:10190000D1B2C900214A51180191C0B200903146AC
:1019100002960498471801980391445C009844404B
:10192000A819C0B22146B140C9B2CA09F9B202F041
:1019300049FD761C082EF3D10399491C0829029E03
:10194000E7D121E0F043D1B209010191C0B200908A
:1019500031460296049847180198039140180C49A3
:101960000C5C00984440A819C0B22146B140C9B2ED
:10197000CA09F9B202F026FD761C082EF3D10399AC
:10198000491C1029029EE5D105B0F0BD707B00080E
:10199000687E0008F0B587B00591049010781D4E60
:1019A000502103E0491E2236002930D03478844289
:1019B000F8D154787578A542F4D10027002B01D0D6
:1019C000384600E0F843C0B201903A4603960297C9
:1019D000D0B2400805994518D007000F0499441863
:1019E0000692B018867801984640E019C0B2314698
:1019F000B940C9B2CA09E9B202F0E4FC7F1C082F61
:101A0000F3D1069A521C202A039E029FE0D107B010
:101A1000F0BDC04698840008F0B585B003910290EF
:101A20001078C8282CD15078AB2829D10026002B5B
:101A300001D0304600E0F043C0B200903446019639
:101A4000E0B20321FEF754FB039A85180D48049475
:101A50000019847800984440C80002994718B819C2
:101A6000C0B22146B140C9B2CA09E9B202F0AAFC2B
:101A7000761C082EF3D1049C641C482C019EDFD1F7
:101A800005B0F0BD388F0008F0B585B00391029025
:101A90001078C8282BD15078AB2828D10026002BED
:101AA00001D0304600E0F043C0B2009032460196CB
:101AB000D0B28008039945189007C00E02994418C7
:101AC0000C4804928018877800984740A019C0B24B
:101AD0003946B140C9B2CA09E9B202F073FC761CBA
:101AE000082EF3D1049A521C802A019EE0D105B041
:101AF000F0BDC046828F0008012804D0002805D11F
:101B0000044800687047024800687047002070472A
:101B1000EC00002074050020F0B585B00490B64EAE
:101B20003078012801D10224CDE0029101243470E3
:101B3000B2480068C00A1C210140B1484218039213
:101B40004758B04802683968CDB2B14BAA4238D183
:101B50000A0CAD4B1A4043689342AD4B31D1026938
:101B6000090AC9B28A422CD1826803990968019195
:101B70004968CBB29A42A64B23D1090CA34A114023
:101B8000C2688A421DD14169009101998A68A149C0
:101B90000A400099914214D1816900910199CA6863
:101BA0009C490A40009991420BD1C2690199096987
:101BB0008BB29A42964B04D1090C1940026A8A42B0
:101BC0001AD005607988904A1140416079780161A6
:101BD0003979816003990968CA888C4D2A40C260AE
:101BE0008A688C4D2A404261CA682A4082610A8A0A
:101BF000C261498A1940016204980068032812D022
:101C0000022837D001285CD1FFF7EAFD002858D11F
:101C1000FFF79AFDFFF7E4FD04467F4801680422C0
:101C2000914301604DE0FFF7DBFD002849D1002022
:101C3000C043029908600498C76800690003C0198E
:101C400087423ED23846FFF7BFFD0125EC02FFF781
:101C5000C7FD714A1168A1430446116000282ED1C6
:101C600028033F180499C8680969090308188742BE
:101C7000E8D326E0FFF7B4FD002822D10020C043BE
:101C800002990860049847688068C001C0198742BB
:101C900017D2614D3846FFF767FDFFF7A1FD0446F7
:101CA0002868022188432860002C08D104994868DC
:101CB0008968C901081880378742EBD301E0029890
:101CC000076000203070204605B0F0BD0120C0073D
:101CD00051490A6802430A600868C043C00F704750
:101CE000F0B585B0444F3878012802D1022005B004
:101CF000F0BD0D4603920120387040490968C90AB9
:101D00001C220A403E498B1804938A583D490E68AC
:101D10001368DCB2A64239D11E0C3B4F3E404F68DF
:101D2000B742354F32D10E691B0ADBB29E422DD12C
:101D30008E68049B1B6802935B68DFB2BE422E4F25
:101D400024D11B0C314E3340CE689E421ED14B69CC
:101D50000193029B9E682F4B1E40019BB34215D1FD
:101D60008B690193029BDE682A4B1E40019BB342A4
:101D70000CD1CE69029B1B699FB2BE421E4F05D19A
:101D80001B0C234E33400E6A9E421BD00C605388BE
:101D90001D4C23404B6053780B6112798A60049A82
:101DA0001268D388194C2340CB609368194C2340A8
:101DB0004B61D36823408B61138ACB61528A144BE9
:101DC0001A400A62690601D005B0F0BDFFF708FDB0
:101DD000002803D00021397005B0F0BD28460399D2
:101DE000FFF7D0FCFFF7FCFC0B490A6801239A437C
:101DF0000A600028E8D1EDE7E80600200410024060
:101E00007884000800210240FF010000FF07000065
:101E1000FF3F0000FFFF0100142002400648C16898
:101E2000002901D400207047044901600449016081
:101E3000C068C00F7047C0460820024023016745B4
:101E4000AB89EFCD014800687047C0461C070020F1
:101E5000FEE70000F0B585B030480189304A1181B5
:101E600001684068116050600020049002F06AF937
:101E700003F02CFA064603F0BFF9FEF716FC294CD6
:101E80002146FEF70CFAFEF73EFC05460F463046AB
:101E9000FEF70BFC2146FEF702FAFEF734FC024681
:101EA0000B4600950197204C2049204604F02EFF58
:101EB000012600961027049801463A46234602F070
:101EC0000BFA03F007FA039003F09AF9FEF7EDFB23
:101ED0001449FEF7E4F9FEF716FC05460C46039894
:101EE000FEF7E3FB0F49FEF7DAF9FEF70CFC0246BA
:101EF0000B46009501940C4C20460C4904F006FF5B
:101F000003960096049839463A46234602F0E4F9CF
:101F100002F0CAFF002837D00AE0C046E0000020E7
:101F20005C05002000007A449E060020B390000863
:101F300003F0D0F9FEF7B9FB044603F061F9FEF7B0
:101F4000B4FB01462046FEF76DF90849FEF7A7F9F4
:101F5000FEF7D9FB04460D4603F048F9009004480B
:101F600004A122462B4604F0D1FE0DE00024744962
:101F70009E060020252E3032665720256425252018
:101F8000554643530000000002F020FF002829D0EE
:101F900003F0A0F9FEF789FB044603F031F9FEF7E0
:101FA00084FB01462046FEF73DF90849FEF777F924
:101FB000FEF7A9FB04460D4603F018F9009004480B
:101FC00004A122462B4604F0A1FE0BE00024744934
:101FD0009E060020252E30326657202564252520B8
:101FE0004146430002F050FF00281CD003F072F974
:101FF000FEF75BFB044603F003F9FEF756FB0146D0
:102000002046FEF70FF9F749FEF749F9FEF77BFB8B
:1020100004460D4603F0EAF80090F148F2A122468A
:102020002B4604F073FE02F037FF00281CD003F0AB
:1020300051F9FEF73AFB044603F0E2F8FEF735FBF0
:1020400001462046FEF7EEF8E649FEF728F9FEF7CE
:102050005AFB04460D4603F0C9F80090E048E7A19A
:1020600022462B4604F052FE02F02EFF00281CD020
:1020700003F030F9FEF719FB044603F0C1F8FEF750
:1020800014FB01462046FEF7CDF8D649FEF707F9C6
:10209000FEF739FB04460D4603F0A8F80090D0483F
:1020A000DBA122462B4604F031FE02F005FF00289A
:1020B0001CD003F00FF9FEF7F8FA044603F0A0F87D
:1020C000FEF7F3FA01462046FEF7ACF8C549FEF7E5
:1020D000E6F8FEF718FB04460D4603F087F800907B
:1020E000BF48D0A122462B4604F010FE02F09EFE0F
:1020F00000281CD003F0EEF8FEF7D7FA044603F0F0
:102100007FF8FEF7D2FA01462046FEF78BF8B54974
:10211000FEF7C5F8FEF7F7FA04460D4603F066F839
:102120000090AF48C4A122462B4604F0EFFD02F018
:1021300075FE00281CD003F0CDF8FEF7B6FA044671
:1021400003F05EF8FEF7B1FA01462046FEF76AF8A2
:10215000A449FEF7A4F8FEF7D6FA04460D4603F0AC
:1021600045F800909E48B9A122462B4604F0CEFDCA
:1021700002F04CFE00281CD003F0ACF8FEF795FAF4
:10218000044603F03DF8FEF790FA01462046FEF7BC
:1021900049F89449FEF783F8FEF7B5FA04460D4670
:1021A00003F024F800908E48AD4922462B4604F0F7
:1021B000ADFD02F023FE00281CD003F08BF8FEF7E3
:1021C00074FA044603F01CF8FEF76FFA0146204645
:1021D000FEF728F88349FEF762F8FEF794FA044602
:1021E0000D4603F003F800907D489E4922462B4699
:1021F00004F08CFD02F040FE00281CD003F06AF8C9
:10220000FEF753FA044602F0FBFFFEF74EFA0146D2
:102210002046FEF707F87349FEF741F8FEF773FA18
:1022200004460D4602F0E2FF00906D488E492246BA
:102230002B4604F06BFD02F0D1FD00281CD003F00A
:1022400049F8FEF732FA044602F0DAFFFEF72DFAFB
:1022500001462046FDF7E6FF6249FEF720F8FEF74B
:1022600052FA04460D4602F0C1FF00905C487F49D7
:1022700022462B4604F04AFD02F0F6FD00281CD051
:1022800003F028F8FEF711FA044602F0B9FFFEF752
:102290000CFA01462046FDF7C5FF5249FDF7FFFF46
:1022A000FEF731FA04460D4602F0A0FF00904C48BC
:1022B0006F4922462B4604F029FD02F0CDFD00288F
:1022C0001CD003F007F8FEF7F0F9044602F098FF7F
:1022D000FEF7EBF901462046FDF7A4FF4149FDF763
:1022E000DEFFFEF710FA04460D4602F07FFF009075
:1022F0003B48604922462B4604F008FD02F0A4FD4D
:1023000000281CD002F0E6FFFEF7CFF9044602F0E9
:1023100077FFFEF7CAF901462046FDF783FF3149F2
:10232000FDF7BDFFFEF7EFF904460D4602F05EFF34
:1023300000902B48504922462B4604F0E7FC02F05F
:1023400055FD00281CD002F0C5FFFEF7AEF904468B
:1023500002F056FFFEF7A9F901462046FDF762FF9D
:102360002049FDF79CFFFEF7CEF904460D4602F02A
:102370003DFF00901A48414922462B4604F0C6FC16
:10238000039D009500200490202110220292144BFE
:1023900001F0A2FF02F078FF07464B20840002F014
:1023A0008BFF06463648007860437D21C900FDF763
:1023B0009FFE04463846FEF7A6F902460B460096F5
:1023C00001943049064C204604F0A0FC00953021D1
:1023D0000498029A234601F07FFF05B0F0BDC04685
:1023E0009E06002000247449252E30326657202591
:1023F000642525205346435000000000252E30322E
:10240000665720256425252053564F4F4300000072
:10241000252E30326657202564252520564F4F4300
:1024200034000000252E30326657202564252520F3
:10243000564F4F4331000000252E3032665720257D
:10244000642525205045322E30000000252E3032E4
:1024500066572025642525205045312E3100000087
:10246000329100086F910008229100081291000833
:1024700067900008A190000891900008279000083C
:102480001807002098910008F0B5D9B055208100B8
:1024900004AC2046FDF75BFE5A4806C85A4B06C3FB
:1024A000008818805948002505705948057059481A
:1024B000057002202070584800680A21FDF718FEB8
:1024C0000246601C55A104F021FC032060742046E4
:1024D000123056490922FDF721FE22200421215401
:1024E000052630070121090300F0EFFD01462746CC
:1024F000443723466633224688322234601C002942
:102500000392029301D04A4900E04A490B22FDF7A9
:1025100005FE667404AC2046343047490B22FDF7B3
:10252000FDFD0620387045480068FEF7ECF80246CD
:102530000B462046453042A104F0E8FB11267E748C
:102540002046563042490922FDF7E8FD1320029F3C
:10255000387040480288204667303FA104F0D6FB1F
:10256000152078743B4F3A7A204678303EA104F02B
:10257000CDFB172003990870F868FEF7C4F80246EF
:102580000B4689343CA1204604F0C0FBE8B231463A
:10259000414304AA515C002903D06D1C1328F5D3D4
:1025A00014250024280620460ED038480178002043
:1025B000C2B2724304AB9A5C914205D0EAB2401CAD
:1025C000C3B29342F4D32846C01E41B2002900DCB6
:1025D0002046C0B2464304A885192C4E287831788D
:1025E000081A411E884100906B1C2007010E002034
:1025F000102201F071FE1135641C042CEED159B08B
:10260000F0BDC046E00000205C0500207B050020F6
:102610007A05002001010020402C01404C4544C1B6
:10262000C1B6C820256425250000000014930008C9
:10263000089300082C930008FC920008D4000020A6
:10264000CEC2BFD8C9E8B6A8D6B5252E30660000E0
:102650002093000804010020B1B3B9E2C1C1B6C89B
:10266000C9E8D6C325640000B3E4B5E7B9A6C2CA79
:10267000C9E8D6C325640000CAE4C8EBB5E7C1F7D2
:10268000CFB5CAFD252E303266000000BA06002004
:10269000F0B587B0564D28895649088105CD05C14A
:1026A000083DEA882B79E878A9786C782D7800AE17
:1026B00033C6514C51A1204604F028FB0126009658
:1026C00000271022069238463946234601F004FEC0
:1026D00052480068FEF717F804460D465048006857
:1026E000FEF711F802460B46009401954DA14248B1
:1026F000044604F00BFB0096384606990A4623462A
:1027000001F0EAFD3846FFF7F7F905903046FFF78C
:10271000F3F9FDF7F8FF05460C460598FDF7F3FFC2
:1027200002460B460095019442A13348044604F04A
:10273000EDFA009620213846069A234601F0CCFD9A
:1027400002F038FB00280ED03E4800680A21FDF751
:10275000CFFC024626480378007A009026483AA12A
:1027600004F0D4FA3BE0224F02F02AFB00280DD0FF
:10277000344800680A21FDF7BBFC02463B78387AF2
:1027800000901D4835A104F0C1FA28E02D4D02F05B
:1027900005FB00280CD028680A21FDF7A9FC024699
:1027A0003B78387A0090144831A104F0AFFA16E073
:1027B00002F0FAFA044628680A21FDF799FC02465D
:1027C000387A3B78002C05D000900B482DA104F0FE
:1027D0009DFA04E0009008482F4904F097FA00960B
:1027E000002030211022044B01F076FD07B0F0BD2F
:1027F000E00000205C0500209E06002025303464A7
:102800002D253032642D253032645F253032643A14
:10281000253032643A253032640000007005002013
:102820006C050020252E303266A1E620252E3032A0
:1028300066A1E600252E303266A1E620252E303234
:1028400066252500382C014046414E3A2564252551
:1028500020253032642E25642043310046414E3A13
:102860002564252520253032642E2564204332003E
:1028700046414E3A2564252520253032642E2564B4
:102880002041310046414E3A25642525202530322D
:10289000642E256420413200BA91000810B5914899
:1028A000006814309049086000F0F0FD00280ED058
:1028B0009348817B012903D0072903D0042906D13D
:1028C000007802E001780120084300F0F7FD00F0F5
:1028D000B7FD00282CD000F0B1FC894CA07B072864
:1028E00006D0042810D0012822D10220A0731FE0B6
:1028F000A08900280BD0A089012814D1002000F065
:1029000095FC00F075FD13E00520A07310E000F0C9
:102910001FFD00F06DFD00F01BFDA068012101709E
:102920000020A07304E0A0890120800200F07EFC5A
:1029300000F098FD00283CD0714CA07B07280AD0FD
:10294000062836D100F00CFD00F030FD0720A07302
:1029500000F046FD2DE0A08902281BD100F048FDC3
:1029600000F0A2FD61684A1C62600870A089401EE8
:10297000A08100F099FD61684A1C62600870A0891E
:10298000401EA08100F0E4FCA0680121017000203D
:10299000A0730EE0A08903280BD1002000F046FCB4
:1029A00000F082FD61684A1C62600870A089401EC8
:1029B000A08100F065FD002823D0514CA08900289B
:1029C0001FD0A07B07281CD1A089032817D002287C
:1029D00012D001286CD100F067FD61684A1C62606A
:1029E0000870A089401EA08100F0B2FCA0680121FF
:1029F00001700020A07304E0002000F017FC00F03C
:102A000097FC00F049FD00281ED03D4CA07B052816
:102A100008D003280CD0022816D1607800F04EFDB3
:102A2000032003E0607800F049FD0620A0730BE06E
:102A3000A08900282FD06068411C6160007800F0F8
:102A40003DFDA089401EA08100F000FD00280DD0B2
:102A500000F0FEFB00F06CFC00F072FC00F0C8FC23
:102A600027480021817380680221017000F0F4FC86
:102A700000280FD000F0F4FB00F038F800F058FC0C
:102A800000F05EFC00F0B4FC1D48002181738068FA
:102A90000421017010BD00F0E5FC00281FD000F0FB
:102AA0004FFC00F0A5FCA068012101700020BDE7EB
:102AB00000F0FAFC61684A1C62600870A089401E40
:102AC000A08100F0CFFC01289BD100F0EDFC6168F3
:102AD0004A1C62600870A089401EA08191E700F046
:102AE00027FCB1E7E4060020BC06002080B500F01A
:102AF0006FFCFEF755FA02480021817380BDC04685
:102B0000F0000020F0B587B00027069705970497DE
:102B100003970297019700F0FFFA0C2000900690AF
:102B20000124059404970225039502940195134806
:102B300001AE314600F08CFA204600F01DFB0098F3
:102B40000690059404940395029701940B4831462E
:102B500000F07EFA00F0CAFA002801D007B0F0BDFC
:102B6000022000F009FB00F0D7FA00F0BFFA0028BD
:102B7000F4D0781C082F0746F2D3EFE7001400507A
:102B800070B582B00C4601AA1070D0200025012635
:102B900029463346FEF76EF8D120294622463346B1
:102BA000FDF7A6FF284602B070BD10B582B001AA9D
:102BB0000024148051701070D02002232146FEF7AB
:102BC00059F8204602B010BD00213D480A4683183E
:102BD000997159711971D970997059700832202AF8
:102BE000F5D108210176042101740221017201212D
:102BF00001707047032801D900207047C000304998
:102C000008184079411E88417047C046014600209F
:102C1000032909D8C9002A4A51188A79002A03D001
:102C2000881D0021017001207047C0460146002028
:102C3000032909D8C900224A51180A79002A03D069
:102C4000081D0021017001207047C04680B500F0CA
:102C500043FA4142484180BD70B50024184D06E05A
:102C600000207070012030710834202C27D02E19DC
:102C7000285DFFF7EBFF7178022918D0012909D0F0
:102C80000029F1D10028EFD0012070700020707170
:102C90007080E9E70028E3D07088401C708080B223
:102CA0006428E1D30220707001207071DCE70028F5
:102CB000DAD10020707070710120B071D4E770BD5E
:102CC000C206002008480421016070474C48016892
:102CD0004C4A0A40511C01607047C04602480068D7
:102CE0004007C00F7047C0460024014044480068B8
:102CF000C00F704742480168012008407047C04635
:102D00000148006880B27047402401400120400320
:102D100032490A6882430A607047C0462F480168FA
:102D20000322914301607047012000032B490A6888
:102D300002430A607047C0460249014002480160F0
:102D40007047C046FF1B00002824014001200004FA
:102D500022490A6882430A607047C04637208001D2
:102D60001E490A6882430A607047C04624480168C9
:102D7000244A0A40111D01607047C04680B500F02A
:102D8000A9F800F0AFF880BD0F20000703490A68DA
:102D9000824301204007101808607047102401404A
:102DA0000320800502490A6882430A607047C046D2
:102DB00008270140094801682022914301607047BB
:102DC0000120800305490A6802430A607047C04633
:102DD0000248016818229143016070470C240140A9
:102DE0000248016807220A43026070471424014028
:102DF00003480168034A1140891816310160704781
:102E000008240140EAFFFF7F81B0012040050C4902
:102E10000A6802430A60096801400091009801B005
:102E20007047C04681B00120000705490A68024387
:102E30000A60096801400091009801B07047C046DF
:102E40003C1002400120400506490A6802430A601E
:102E50007047C0460120400502490A6882430A6063
:102E60007047C0462C10024081B00120000518496F
:102E70000A6802430A60096801400091009801B0A5
:102E80007047C04681B012480168012211430160B9
:102E9000006810400090009801B0704781B00C4964
:102EA0000A6802430A60096801400091009801B075
:102EB0007047C04681B00120800305490A6802437B
:102EC0000A60096801400091009801B07047C0464F
:102ED000401002400120000506490A6802430A60CA
:102EE0007047C0460120000502490A6882430A6013
:102EF0007047C04630100240474908607047C046DE
:102F00000E490A6882430A607047C0460F490A6842
:102F100082430A607047C04610490A6882430A60CB
:102F20007047C04611490A6882430A607047C0462C
:102F300002490A6802430A607047C046841802408A
:102F400002490A6802430A607047C04604180240FA
:102F500002490A6802430A607047C046801802406E
:102F600002490A6802430A607047C04600180240DE
:102F7000B0B504460068217900290ED0002814D08D
:102F80006179022914D0012915D000291AD1FFF73F
:102F9000B7FF2068FFF7DCFF12E0FFF7BDFF2068F6
:102FA000FFF7AEFF00252846B0BD00252846B0BD7E
:102FB000FFF7CEFF01E0FFF7AFFF2068FFF7B8FF94
:102FC000002500E00125A07903280ED87844007977
:102FD0004000874401020D11E5E72068FFF796FFE6
:102FE0002068FFF7BDFF2846B0BDAD1C2846B0BD28
:102FF0002068FFF797FF02E02068FFF7B1FF206825
:10300000FFF79EFF2846B0BD034909680140091A31
:10301000484248417047C0460C180240B0B50A0A01
:10302000D2B20B0CDBB293408907090F034C0D5948
:103030009D43904028430851B0BDC04660180240EF
:10304000024801680122914301607047002002405C
:10305000F0B581B00D460446096800292AD0002742
:1030600006E000F075F87F1C29680846F84021D07A
:103070000126BE400E40F6D06A682046314600F078
:1030800081F86868401E012804D8AA6820463146A5
:1030900000F0B0F82A692046314600F096F86868DA
:1030A0000228E0D16A6920463146FF2ED9D800F0C7
:1030B00039F8D8E76868401E012803D8EA68204636
:1030C00000F07DF8002001B0F0BD00690840411A11
:1030D0004842484170470000034909680140091A05
:1030E000484248417047C0461004005002480168F9
:1030F000012008407047C046101400500120000312
:10310000044908607047C046012000030149086077
:103110007047C046280000500148022101607047F6
:1031200028140050494349434A430F234B43016A43
:103130009943114301627047404340430F2141438B
:10314000024A13688B43034313607047200000500A
:10315000090A494349434A430F234B43416A994370
:1031600011434162704700000120000301490860DB
:103170007047C04618000050014908607047C046BB
:103180001814005049434A4303234B4301689943B1
:10319000114301607047404303214143052000076C
:1031A00002680A43026070474043032141430522FD
:1031B000120713688B4340001843106070474A435E
:1031C00043688B4313434360704749434A43032397
:1031D0004B43C16899431143C16070474043032189
:1031E0004143034A13688B43034313607047C0464F
:1031F0000C00005049434A4303234B4381689943E1
:10320000114381607047000040430321414302485D
:1032100002680A43026070470800005001229202CF
:10322000036893430B430360704700000121890248
:10323000734A13688B4303431360704781B0994806
:1032400001680091009940680090009801B07047B3
:103250000120800293490A6882430A607047C04691
:10326000012000028F490A6882430A607047C04605
:10327000F0B581B0009316460F4604462149384602
:10328000FCF736FF3F21C94362680A40024362608F
:10329000256A0D401C4A511C8E4208D34B218A00DE
:1032A00042437D20C1001046FCF722FF164A401C15
:1032B00028432062154D964204D9009D002D09D067
:1032C000192008E071003846FCF712FF284211D19E
:1032D00004200FE00320464338463146FCF708FF40
:1032E0000A49CA1C012110420A4600D002462A435C
:1032F000C8031043E169064A0A400243E26101B093
:10330000F0BDC04640420F00A0860100FC0F000047
:103310000030FFFF01680122914301607047000007
:103320000120C00236490A6882430A607047C046DD
:103330000120800225490A6882430A607047C0461E
:103340000120400221490A6882430A607047C04652
:10335000032040021D490A6882430A607047C04644
:103360000320400219490A6882430A607047C04638
:103370000120C00322490A6882430A607047C046A0
:10338000016801220A430260704700000120C00268
:103390001B490A6802430A607047C04601200002C8
:1033A0000A490A6802430A607047C0460320400287
:1033B00006490A6802430A607047C046032040027B
:1033C00002490A6802430A607047C046045400403C
:1033D0000120C0030A490A6802430A607047C046D8
:1033E0000120000206490A6802430A607047C0468D
:1033F0000120400202490A6802430A607047C04641
:1034000000540040B0B584B00D460446FFF782FF7B
:1034100001A800F0E9F80CCD03992046083DFFF71C
:1034200027FFA968204600F043F82046FFF7A8FFD1
:10343000E9682046FFF7F2FE002004B0B0BD0000AE
:10344000184800688007C00F7047C04615480068DC
:103450004005C00F7047C04612480068C005C00F45
:103460007047C0460F4800684007C00F7047C0460D
:10347000024800688007C00F7047C04618540040DB
:10348000084800684006C00F7047C04605480168FC
:10349000012008407047C046024800680006C00F7F
:1034A0007047C0461454004008480068C0B27047D6
:1034B0008268FE239A430A438260704703490A6880
:1034C000FF239A43101808607047C046105400400C
:1034D00081B017490A6802430A60096801400091F7
:1034E000009801B07047C04681B0114801680122C0
:1034F00011430160006810400090009801B07047CF
:1035000081B00B490A6802430A60096801400091D2
:10351000009801B07047C04681B005490A6802436F
:103520000A60096801400091009801B07047C046E8
:10353000341002406A48034941600021816005213E
:10354000016070477FA903000E4801681022914373
:10355000016070470B480168022291430160704787
:103560000848016804220A43026070470548016860
:10357000042291430160704702480168042291438C
:103580000160704710ED00E00120800306490A68E1
:1035900002430A607047C0460120400202490A689F
:1035A00002430A607047C046007000400F200102CD
:1035B0004148006808407047072001033E48006802
:1035C000084070470720C1021D4800680840704746
:1035D00039480168382008407047C04636480168BD
:1035E000382008407047C04610B5044600F02AFF56
:1035F000206000F007FF606000F014FFA06010BDC5
:10360000012000040E490A6882430A607047C046E0
:10361000012000020A490A6802430A607047C04656
:103620000C480068C00A1C210140014840587047FE
:1036300058840008024800684005C00F7047C04623
:103640000010024003490A68034B134003430B6018
:103650007047C046041002400000FFFF02480168A6
:1036600001229143016070475C10024002480168EA
:1036700001229143016070476010024002480168D6
:10368000012008407047C0460C1002400F20000285
:1036900009490A6882430A607047C0460720000350
:1036A00005490A6882430A607047C04602480168BB
:1036B000072291430160704708100240D04801681A
:1036C0000222914301607047CD48016802220A43FB
:1036D00002607047CA48016802220A4302607047CC
:1036E00010E000E0014908607047C046D0000020AB
:1036F0000121C903426C0A434264704701680122F8
:103700000A4302607047416901220A4342617047DF
:1037100070B50D46044601681F4EB04202D01F48E6
:10372000844204D1702081436868084300E0084661
:103730001B498C4208DDB4420CD01A498C4209D096
:1037400019498C4206D024E014498C4202D0174912
:103750008C421ED1032109028843E968014321609C
:10376000A968204600F05AF82988204600F058F849
:10377000B44205D00B48844202D00B48844203D1A6
:10378000297C204600F04EF82046FFF7BCFF0020C1
:1037900070BD0146E3E7C046002C01400004004034
:1037A000FF2B014000480140004401400020004040
:1037B000B0B503460120FF2909DC012914D01029E6
:1037C0001DD11846114600F0F7FB0020B0BD0124C2
:1037D0002502A9420ED02403A14210D11846114659
:1037E00000F076FC0020B0BD1846114600F0A6FBA4
:1037F0000020B0BD1846114600F022FC0020B0BDEC
:10380000416370470148002101607047382C014036
:1038100081637047C163704701647047C16270473C
:10382000816270470163704781B03C480168009134
:10383000009940680090009801B0704781B0374807
:1038400001680091009940680090009801B07047AD
:1038500081B032480168009100994068009000985A
:1038600001B0704781B02D4801680091009940680F
:103870000090009801B070474020C043274908607D
:103880007047C046514801688022914301607047EB
:10389000012040034D490A6802430A607047C04650
:1038A0003D48016801220A4302607047012000027E
:1038B00046490A6802430A607047C04643480168A7
:1038C00020220A43026070474048016880220A4370
:1038D00002607047114800688007C00F7047C046FB
:1038E0000E4800684007C00F7047C0460B4800688C
:1038F0000007C00F7047C046084801680120084013
:103900007047C046054800688006C00F7047C04633
:10391000024800680006C00F7047C04600380140EA
:103920002A4800680006C00F7047C0462A48006851
:10393000C0B2704770B5192250438900FCF7D8FB1C
:10394000054664263146FCF7D3FB04466320C0439A
:1039500060434019000132303146FCF7C9FB0F21AA
:103960000140F02202402001101880B240180149A5
:10397000086070BD083801400120000313490A683F
:1039800082430A607047C0460320000202490A6869
:1039900082430A607047C046143801400320400249
:1039A0000A490A6882430A607047C0460120400302
:1039B00002490A6882430A607047C04610380140D5
:1039C000024801680C220A43026070470C3801402B
:1039D000014908607047C0460438014081B0084979
:1039E0000A680092401C01D30020C043009A0028BE
:1039F00004D00A68D203D2171018FAD101B0704768
:103A000010E000E0F0B587B0002606960596049613
:103A100003960296019601242046FFF771FD0225C8
:103A20002846FFF76DFD0596049603950296302013
:103A30000190104D01AE28463146FFF709FB28469C
:103A40003146FFF705FBA003019005200707384624
:103A50003146FFF7FDFA6003019038463146FFF723
:103A6000F7FA8020019028463146FFF7F1FA07B0B7
:103A7000F0BDC04600040050F0B581B02348C068D6
:103A8000FCF741FE02460B46214C22A1204603F0E2
:103A90003DF90127009700261025304631462A4679
:103AA000234600F019FC01F011FCFCF7FEFD1C4957
:103AB000FCF7F5FBFCF727FE02460B4619A1204652
:103AC00003F024F90097304629462A46234600F0A1
:103AD00003FC01F021F9002816D001F091FBFCF75E
:103AE000E4FD0F49FCF7DBFBFCF70DFE02460B463D
:103AF000074C10A1204603F009F90097002020216F
:103B00001022234600F0E8FB01B0F0BD04010020C4
:103B10009E060020CFB5CAFD3A252E303266000041
:103B200000007A44CAE4C8EBB5E7D1B93A252E3093
:103B300032665600CAE4C8EBB5E7C1F73A252E3025
:103B400033664100F0B581B00127009700251024AD
:103B500011A328462946224600F0BEFB009713A376
:103B600028462146224600F0B7FB0097202114A3E7
:103B70002846224600F0B0FB16480288164E17A1D0
:103B8000304603F0C3F800973021284622463346DA
:103B900000F0A2FB01B0F0BDB0B4BCD3BAC5BCFC10
:103BA000BCD3C1C1B6C8D6B500000000B0B4BCF5E6
:103BB000BAC5BCFCBCF5C1C1B6C8D6B50000000092
:103BC000B3A4B0B4BCD3BBF2BCF5D2BBD6B1BCD3AA
:103BD00000000000040100209E060020BBF2BCF59E
:103BE00020C1C1B6C8D6B53A25640000F0B581B091
:103BF000012700970025102412A3284629462246B3
:103C000000F06AFB009713A328462146224600F0E5
:103C100063FB0097202113A32846224600F05CFB9B
:103C20001148008802B2114E11A1304603F06EF81F
:103C30000097302128462246334600F04DFB01B064
:103C4000F0BDC046B6CCB0B42EB3A4B0B4BCD3C1A2
:103C5000C1B6C800D6B52CB5BDB4EFD7EEB4F3D617
:103C6000B5BAF300D6C33000780500209E060020C8
:103C7000C1C1B6C8D6B53A2564000000F0B581B020
:103C80001648027A164E17A1304603F03FF8012776
:103C9000009700251024284629462246334600F086
:103CA0001BFB1448027814A1304603F02FF800974C
:103CB000284621462246334600F00EFB009720217D
:103CC00011A32846224600F007FB0097302112A3DB
:103CD0002846224600F000FB01B0F0BD04010020A0
:103CE0009E060020C9E8D6C3B9A6C2CA3A256457C1
:103CF0000000000067050020CAB5BCCAB9A6C2CA48
:103D00003A25645700000000B3A4B0B4C8B7C8CFC8
:103D1000BCFC31C3EBD2D400C9CFCBC9BFAABAF324
:103D2000B1A3B4E60000000070B582B00126009691
:103D30000024102516A3204621462A4600F0CCFA7E
:103D4000009618A3204629462A4600F0C5FA009698
:103D5000202118A320462A4600F0BEFA1748007812
:103D60000094002801D1174B00E0154B302120466C
:103D70002A4600F0B1FA14480078012806D10094D0
:103D800040203021102211A300F0A6FA02B070BD2D
:103D9000B0B4CFC2BCD3BAC5BCFCB1A3B4E6C9E8C9
:103DA00000000000D6C32CB0B4CFC2BCF5BAC5BC6D
:103DB000FCD6D800D6C3C9E8D6C300000101002054
:103DC000449200083D92000800010020D2D1D6D8CC
:103DD000D6C30000F0B581B0284C294EE6605520CE
:103DE000207230202080274F67602748102221460C
:103DF000FDF7A0FC6068401C11D065682349284687
:103E0000FCF72CFC002805D121492846FCF718FCBA
:103E1000002800D1676060681E49086002E01D4804
:103E20001D49016020881D49884201D1322020802F
:103E3000207AFF2801D132202072207A01F054FB31
:103E4000E068401C14D0E5687F20C1052846FCF7D7
:103E500005FC002806D18120C1052846FCF7F0FBAF
:103E6000002800D1E660E06801F038FB01B0F0BD49
:103E7000034801F033FBE06001B0F0BD0401002015
:103E80000000304000000C4200B0000800008CC26E
:103E900000008C42D400002000001042FFFF000010
:103EA00070B500210E4A0B4611E0144680252560AE
:103EB000402414601646083E36681461CD407404F0
:103EC000E4172C402343491C4000082905D044B284
:103ED000002CEADB14461034E8E7D8B270BDC046C7
:103EE00018040050F0B587B0002606960596049693
:103EF00003960296019601242046FFF70DFB02254A
:103F00002846FFF709FB059602A870C040200090E4
:103F10000190F04801AF3946FFF79AF8059602A8DC
:103F200070C080200190EB4C20463946FFF790F896
:103F30000098A06207B0F0BD70470000F0B581B0F6
:103F4000044601200090C043226A024022620A69AE
:103F50000240206A0326B04310430F684D680543B2
:103F60006268A069732398433843734B9C4205D021
:103F7000724B9C4202D0724B9C4214D133029A4342
:103F8000009B5B024E6900968F69CE699F43174381
:103F900072003A430C239D43009B5B08DB002B43DC
:103FA0008D68AD001D436260A061C9682046FFF7BF
:103FB00027FC256201B0F0BDF0B581B00446006A6F
:103FC000102290432062206A302290430A695208EE
:103FD000520102430B68486805011543606873226B
:103FE0001202A66996431F023743534B9C4205D0E9
:103FF000524B9C4202D0524B9C4215D103239B0250
:1040000098434A6900928E69CB69B6000B4A3240E8
:104010000243D8001043C0229543009A5208D201AF
:104020002A438B689D0115436060A761C9682046DB
:10403000FFF7EEFB256201B0F0BDC046FCF7FFFFC5
:10404000F0B583B004462048FF30226A0240226265
:10405000032002900002226A82430869400840025D
:1040600010430E684A68150205436268E3697327C6
:10407000BB433343304EB44205D0304EB44202D03D
:104080002F4EB44217D1029F3E03B24348690190BC
:104090008869CE69009606010C4830401043009AAA
:1040A00052010243B802854301984008C0022843E8
:1040B0008D68AD0205436260E361C9682046FFF781
:1040C000A9FB256203B0F0BD00FEFFFFF0DFFFFF9C
:1040D000F0B581B0044601200203236A93432362B2
:1040E00003221203236A93430A69520852031A43B4
:1040F0000E684B681D031543636873221202E7695B
:10410000974332023A430C4EB44205D00B4EB442B0
:1041100002D00B4EB44205D18003834388698001ED
:10412000184300E018466060E261C9682046FFF766
:1041300073FB256201B0F0BD002C01400048014036
:104140000044014080B5002806D001208102A64825
:10415000FF22FBF7F5FF80BD01208102A248FBF79B
:10416000F6FF80BDF0B581B000249F4D2646304655
:10417000B030214600F03AF92046214600F036F9E9
:104180001020214600F032F92746E85D012100F0B9
:104190002DF97F1C802FF8D18035761C082EE6D1B2
:1041A00001B0F0BD10B58D200024214600F01EF9AD
:1041B0001420214600F01AF9AF20214600F016F92C
:1041C00010BD0000F0B587B0002406940594049457
:1041D00003940294019401263046FFF791F90227D7
:1041E0003846FFF78DF90594049403970296302022
:1041F0000190384801A90091FEF72AFF0594049424
:1042000003970296B0030190052005072846009900
:10421000FEF71EFF0594700301900D200690029793
:1042200028460099FEF714FF10262A4FBE62142577
:104230002846FFF7D3FBBE61E220214600F0D6F806
:104240002846FFF7CBFBAE20214600F0CFF8A22096
:10425000214600F0CBF82320214600F0C7F8A0202B
:10426000214600F0C3F8C820214600F0BFF8A62080
:10427000214600F0BBF88120214600F0B7F820204D
:10428000214600F0B3F8A420214600F0AFF8F8254D
:104290002846214600F0AAF82846214600F0A6F854
:1042A0002C20214600F0A2F82E20214600F09EF896
:1042B0002F20214600F09AF84020214600F096F881
:1042C0002046FFF73FFFFFF74DFFFFF76BFF07B0FB
:1042D000F0BDC04600040050F0B589B01E4615463A
:1042E0000C4607461846FBF73DFF0790002866D0AE
:1042F00023460E9806908020401B03906808029089
:10430000002004460496059506E0049E059D641C65
:10431000E0B20799814252D93256002A07D4102DB3
:1043200013D0082D4BD10626002A11D1EDE7321803
:10433000202D089327D0182D2BD0102D3FD1F8B267
:10434000D9B2069BFDF726FB28E00826002ADCD020
:1043500006980090F8B2D9B2D2B20893059D2B46C8
:10436000FDF7B0FAF719F8B2792809D3089840197F
:10437000C1B2002730293B4600D80346049EC6E759
:10438000049E089BC3E7F8B2D9B2069BFDF77CFBFD
:1043900004E0F8B2D9B2069BFDF73EFB02983F1845
:1043A000F8B20399814208DA08984019C1B200278F
:1043B00030293B46ABD80346A9E7089BA7E709B0DD
:1043C000F0BD000010B507240C400123A340C9082C
:1043D000C901081804490C5C002A02D01C430C5483
:1043E00010BD9C430C5410BD1401002080B5C0B218
:1043F000002902D001F028FA80BD01F015FA80BD35
:104400007047000010B50446FFF7D0F880093C2142
:104410000140034840581F210140CC40204610BDB8
:10442000107B000810B50446FFF7C6F8000B8000AB
:10443000034908581F210140CC40204610BDC0460A
:10444000507B000810B5FFF7C3F80321C841401E98
:1044500003280BD80D4CC0467844007940008744AF
:10446000101201010120C403204610BD0848006855
:10447000C00A1C21014007484458FFF7A3F8C00AAE
:10448000C440204610BD00F007F810BD00366E0194
:10449000041002405884000880B5FFF7EFF80128A7
:1044A00001D1034880BDFFF7BBF8400080BDC04686
:1044B000006CDC027047000070B54C4D287808286D
:1044C00041D8C0467844007940008744040C1A4320
:1044D00052616B757F00302000F000FF00287ED015
:1044E0002878401C2870C54EB11D0024204600F0DD
:1044F00083F8002829D02878401C2870F088C00054
:10450000F080BE4E31460831012000F075F80028D9
:1045100065D02878401C287000F0D8FE044600F0D2
:10452000D9FE3238A04212DD00F0F6FB00280ED092
:104530003089FCF7BAF801462D480068FBF772FE97
:10454000FCF7C8F805E000242C70204670BD3089C7
:1045500080003081A94C21460A31022000F04CF83D
:1045600000283CD02878401C2870608907214143EE
:104570006181A24C21460C31032000F03DF8002857
:104580002DD02878401C2870A08905214143A181A5
:104590009A490E31042000F02FF800281FD0287807
:1045A000401C287095491031092000F025F800289A
:1045B00015D02878401C2870904912310A2000F04C
:1045C0001BF800280BD02878401C28708B48018AE3
:1045D000084A914205D800202870012070BD0020B3
:1045E00070BD002129704170012070BD14050020AC
:1045F000C8000020830C0000B0B582B00C46014614
:10460000164D2878022819D0012809D0002821D178
:10461000302000F07DF8002819D02878401C287040
:104620007648401D00907820312102232246FCF775
:104630005FFB00280BD02878401C28706F48407919
:10464000002804D000202870012002B0B0BD002056
:1046500002B0B0BD0020287002B0B0BD150500202A
:10466000F0B581B00446154F3878012813D00028E2
:104670001DD115460E466148C11C204600F020F8A9
:10468000002818D03878401C387035405B49C8780D
:10469000B0432843C8705948C178204600F038F824
:1046A000002808D000203870012001B0F0BD0020A3
:1046B000387001B0F0BD002001B0F0BD160500203B
:1046C00010B582B00A460146104C207801280DD062
:1046D000002814D14948401D009078200123FCF7A0
:1046E00007FB00280FD02078401C207043484079F9
:1046F000002808D000202070012002B010BD00204A
:10470000207002B010BD002002B010BD17050020BF
:1047100070B582B00C460146384E701D0090F21CF8
:10472000782001252B46FCF711FB002801D0F470FE
:1047300000E00025284602B070BDC04610B582B02A
:104740002D4C2078062852D87844007940008744C0
:10475000030B151F2D344200992000F0BFFD0028E7
:1047600042D02078401C207024492C319920FFF73A
:10477000A7FF002838D02078401C20701F492D3119
:10478000A220FFF79DFF00282ED02078401C20702B
:104790001A4A501D00902632782086210223FCF709
:1047A000A7FA002820D02078401C207013484079B8
:1047B000002819D02078401C20701048826A401DC3
:1047C0000090782088210323FCF792FA00280BD070
:1047D0002078401C207009484079002804D000202F
:1047E0002070012002B010BD002002B010BD0020DA
:1047F000207002B010BDC04618050020280500201A
:10480000B0B50F4D2878012809D0002812D12020FA
:1048100000F064FD002811D02878401C287020206A
:1048200001242146FFF774FF002807D000202870DC
:104830002046B0BD00242C702046B0BD0020B0BD85
:1048400019050020B0B50446134D2878012809D079
:10485000002812D1A42000F041FD00280BD02878B8
:10486000401C2870A4200421002C0AD00A46FFF71F
:10487000F7FE00280BD10020B0BD00242C7020468C
:10488000B0BD00242246FFF7EBFE0028F7D0002041
:1048900028700120B0BDC0461A050020B0B50446FE
:1048A000134D2878012809D0002812D1A42000F047
:1048B00015FD00280BD02878401C2870A420082162
:1048C000002C0AD00A46FFF7CBFE00280BD10020AF
:1048D000B0BD00242C702046B0BD00242246FFF756
:1048E000BFFE0028F7D0002028700120B0BDC046D0
:1048F0001B050020B0B50446174D2878022818D0B3
:10490000012809D0002824D1A52000F0E7FC0028C8
:104910001DD02878401C287005212046FBF7E8FBB5
:10492000C1B2A520FFF7F4FE002810D02878401C63
:10493000287005212046FBF7DBFB010AA620FFF7C4
:10494000E7FE002803D0002028700120B0BD002021
:10495000B0BD00202870B0BD1C050020B0B5EA4DE8
:104960002878272800D9CAE14000C04678448088CA
:1049700040008744270030003A0042004C005600B7
:1049800060006B00750081008B009600A100AB00F9
:10499000B500C000CA00D400DE00E800F300FE004D
:1049A0000901150120012B01360142014D0157017A
:1049B00060016A0174017E01880192019C01A601D7
:1049C000AD01B501202000F089FC002800D194E160
:1049D0002878401C287020200121FFF799FE00282C
:1049E00000D18AE12878401C287000F02DFD0028B5
:1049F00000D182E12878401C287025201D21FFF776
:104A000087FE002800D178E12878401C28702920F2
:104A10000121FFF77DFE002800D16EE12878401CBF
:104A2000287040208421FFF773FE002800D164E144
:104A30002878401C2870D24801784520FFF768FE8E
:104A4000002800D159E12878401C28704F206421AB
:104A5000FFF75EFE002800D14FE12878401C287047
:104A6000A220202100242246FFF7FAFD002800D1D1
:104A700047E12878401C28704120800000F02EFC7F
:104A8000002800D139E12878401C287000248021BA
:104A90002046FFF73DFE002800D132E12878401C77
:104AA0002870042077212322FFF7DAFD002800D1A7
:104AB00023E12878401C287008208D21FFF728FE6C
:104AC000002800D119E12878401C28700D203221DF
:104AD000FFF71EFE002800D10FE12878401C287047
:104AE0000E20CF214F22FFF7BBFD002800D104E1AB
:104AF0002878401C28700F20FA21FFF709FE0028B3
:104B000000D1FAE02878401C287010204921FFF7D6
:104B1000FFFD002800D1F0E02878401C287011200B
:104B20000621FFF7F5FD002800D1E6E02878401CBB
:104B3000287012200221FFF7EBFD002800D1DCE0F5
:104B40002878401C28701320F021C022FFF788FD30
:104B5000002800D1D1E02878401C28701520C02101
:104B60004022FFF77DFD002800D1C6E02878401CD8
:104B7000287016205E210E22FFF772FD002800D15A
:104B8000BBE02878401C28701720C0210024224652
:104B9000FFF766FD002800D1B3E02878401C28709C
:104BA00018203C210A46FFF75BFD002800D1A4E055
:104BB0002878401C287019200F210922FFF750FD8A
:104BC000002800D199E02878401C28701A20002481
:104BD0002146FFF79DFD002800D192E02878401C77
:104BE00028701F203F2100242246FFF739FD0028AE
:104BF00000D186E02878401C28702020A7210024BE
:104C00002246FFF72DFD00287BD02878401C287015
:104C10002220F021C022FFF723FD00286DD0287844
:104C2000401C28702320E021FFF772FD002864D08B
:104C30002878401C28702420C0210A46FFF710FD68
:104C400000285AD02878401C28702B2038210A468A
:104C5000FFF706FD002850D02878401C28702C2033
:104C600011210A46FFF7FCFC002846D02878401C9A
:104C700028704D200F210822FFF7F2FC00283CD0BD
:104C80002878401C28704E2090210A46FFF7E8FC47
:104C9000002832D02878401C287050204F21012253
:104CA000FFF7DEFC002828D02878401C287051200F
:104CB0007F216E22FFF7D4FC00281ED02878401CEC
:104CC000287000F035F9002817D02878401C28708B
:104CD000152000F003FB00280FD02878401C287016
:104CE00015203F21FFF714FD002806D07D48012440
:104CF0004470002028702046B0BD0020B0BD0024C4
:104D00002C702046B0BDC0461D0500207548C17EF0
:104D1000102008407047C0467248017F202008409C
:104D20007047C0466F48017F102008407047C0465A
:104D30006C48C17E082008407047C0466948C17E63
:104D4000042008407047C04622206649095C2020A4
:104D500008407047E749487800280ED02E20085CAC
:104D6000074A1278904205D12F20085C642801D1AF
:104D70000120704700204870704700207047C046EF
:104D8000CC0000202120DB49085C30220240222098
:104D9000085C0C21014088187047C046D548017F47
:104DA000022008407047C046D248017F01200840D9
:104DB0007047C046CF48017F082008407047C04672
:104DC000CC48017F042008407047C046C948407D58
:104DD0000F2101400E39484248417047C548407D87
:104DE0000F210140091F484248417047C148407D9A
:104DF0000F210140484248417047C046BD48407DB0
:104E00000F210140891F484248417047B948407D01
:104E10000F210140C91F484248417047B548407DB5
:104E20000F2101400839484248417047F148407D10
:104E30000F2101400939484248417047F248407DFE
:104E4000C006C00F7047C046F348407D0F210140A7
:104E5000491E484248417047F348407D0F210140B8
:104E6000891E484248417047EF48407D0F2101406C
:104E7000C91E484248417047F248407D0F21014019
:104E8000491F484248417047F548407D0F21014085
:104E90000D39484248417047F148407D0F2101409B
:104EA0000C39484248417047F448407D0F21014089
:104EB0000F39484248417047F048407D0F2101407A
:104EC0000A39484248417047F748407D0F21014068
:104ED0000B39484248417047FB48407D8006C00F6F
:104EE0007047C0462805002070B5104E3078012864
:104EF00009D0002814D1232000F0F0F9002813D0A5
:104F00003078401C30702320012500242946224699
:104F1000FFF7A6FB002805D000203070284670BDA2
:104F200000243470204670BD002070BD1E05002096
:104F3000B0B5274D2878052846D8C0467844007972
:104F400040008744020B16202933FF20343000F044
:104F5000C5F9002836D02878401C28703320B821A5
:104F600000242246FFF77CFB00282FD02878401C25
:104F7000287034203F211422FFF772FB002821D033
:104F80002878401C287035203921FFF7C1FB002804
:104F900018D02878401C287036209B210322FFF768
:104FA0005FFB00280ED02878401C28703720412154
:104FB00000242246FFF754FB002807D00020287069
:104FC0000120B0BD0020B0BD00242C702046B0BD33
:104FD0001F05002010B50E4C2078012809D00028AC
:104FE00011D1222000F07AF900280FD02078401C3F
:104FF000207022200821FFF78BFB002806D000201C
:105000002070012010BD0020207010BD002010BDB8
:105010002005002010B50E4C2078012809D000286A
:1050200011D1222000F05AF900280FD02078401C1E
:10503000207022200221FFF76BFB002806D0002001
:105040002070012010BD0020207010BD002010BD78
:105050002105002010B5264C2078052844D8C046EC
:105060007844007940008744020A141E2832132035
:1050700000F034F9002835D02078401C2070F14928
:1050800019311320FFF71CFB00282BD02078401C7F
:105090002070EC491C311820FFF712FB002821D0AA
:1050A0002078401C2070E7491D311920FFF708FBCC
:1050B000002817D02078401C2070E2491F311C20A6
:1050C000FFF7FEFA00280DD02078401C2070DD4943
:1050D00020311D20FFF7F4FA002803D000202070B3
:1050E000012010BD002010BD0020207010BDC04662
:1050F000220500202805002010B53B4C2078092807
:105100006ED8C0467844007940008744040C1620CD
:105110002A343E48525C0E2000F0E0F800285DD0B2
:105120002078401C2070C74914310E20FFF7C8FAC0
:10513000002853D02078401C2070C24915310F2020
:10514000FFF7BEFA002849D02078401C2070BD49E6
:1051500016311020FFF7B4FA00283FD02078401C09
:105160002070B84917311120FFF7AAFA002835D06E
:105170002078401C2070B3491F311C20FFF7A0FA93
:1051800000282BD02078401C2070AE492E314520BD
:10519000FFF796FA002821D02078401C2070A949FA
:1051A0002F314F20FFF78CFA002817D02078401CB1
:1051B0002070A44924315120FFF782FA00280DD035
:1051C0002078401C20709F4925315220FFF778FA43
:1051D000002803D000202070012010BD002010BD49
:1051E0000020207010BDC046230500202C209549CA
:1051F000085C704728050020924880897047C046A7
:10520000904800897047C046280500208D48817D60
:105210006420484364307047280500208948817D18
:1052200032204843C83070472805002080B58548A3
:10523000C08CFBF741FA044A044BFBF721F9FBF75A
:1052400076FA80BD280500202BF697DD9363744025
:1052500025207C49085C704724207A49085C704707
:105260002805002080B57748806AFBF725FA044AB4
:10527000044BFBF705F9FBF75AFA80BD280500201F
:10528000A514747B4963B43F80B56E48008A074912
:105290004018FBF7FFF9FBF736FA054A054BFBF719
:1052A00057F9FBF744FA80BD28050020D1F8FFFF2D
:1052B00048E17A14AE471B406248C089052141434A
:1052C000503908B27047C046280500205D48408923
:1052D0007047C0465B48C0887047C046B0B50446BA
:1052E000174D287801280BD0002817D15548C11C2C
:1052F0000120FFF7E5F900280ED02878401C28701F
:105300005048C078210A0DD0012814D124208121D1
:10531000FFF7FEF900280ED10020B0BD00242C704C
:105320002046B0BD012806D0FF2000242146FFF70B
:10533000EFF90028F4D0002028700120B0BDC0464D
:105340002405002010B53E4C207808284DD8C046D2
:105350007844007940008744040C16202A344B55C9
:105360005F001220FFF7BAFF002860D02078401CB1
:105370002070344918311220FFF7A2F9002856D0C6
:105380002078401C20702F491A311420FFF798F91B
:1053900000284CD02078401C20702A491B31152051
:1053A000FFF78EF9002842D02078401C2070254954
:1053B0001C311820FFF784F9002838D02078401CD1
:1053C0002070204C21461E311A20FFF779F9014642
:1053D000002000290BD0A27FC021114029D04029F4
:1053E00029D0802903D1142026E00020207010BD90
:1053F000144921312A20FFF763F9002817D02078BB
:10540000401C20700F4922312B20FFF759F900284A
:105410000DD02078401C20700A4923312C20FFF742
:105420004FF9002803D000202070012010BD00207B
:1054300010BD502000E02820A077012010BDC046FC
:10544000580500202805002010B5234C2078052899
:105450003FD8C0467844007940008744020A131CB4
:10546000252E2020FFF73AFF002830D02078401C5E
:10547000207020200121FFF74BF9002827D0207849
:10548000401C207023200121FFF742F900281ED084
:105490002078401C207024202021FFF739F90028B3
:1054A00015D02078401C207024204021FFF730F9CF
:1054B00000280CD02078401C207024208021FFF789
:1054C00027F9002803D000202070012010BD002003
:1054D00010BD0020207010BD590500200149086052
:1054E0007047C046C8000020014908707047C04698
:1054F000CC00002010B582B00A480068FBF703F921
:1055000002460B46084C09A1204601F0FFFB012092
:1055100000900020102201462346FEF7DDFE02B077
:1055200010BDC046D40000209E060020C9E8B6A8E1
:10553000D6B5252E3032660080B582B001AA9820FB
:105540005070B0201070E02000210223FBF792FB86
:1055500002B080BD80B582B001AA172050703520FE
:105560001070E02000210223FBF784FB02B080BD15
:10557000F0B583B01E4F387800282AD0E1200024EF
:1055800001AD062321462A46FBF7B2FA6878019955
:105590000902081880B2FBF788F81649FAF742FEAC
:1055A000154E3146FAF77BFE144908602879E978F0
:1055B0000902081880B2FBF778F81149FAF732FEB1
:1055C0003146FAF76CFE0F49FAF7D3FD0E49086031
:1055D0000AE06A46242050705C201070E020002110
:1055E0000223FBF747FB01243C7003B0F0BDC0462B
:1055F000660500200000C84200FF7F47EC00002045
:1056000000002F43000034C27405002080B5FBF772
:105610006FFDFBF761FDFBF76BFCFBF705FCFBF790
:105620009BFDFBF705FDE1204002FBF7C3FDFBF707
:10563000B7FC80BD02480168491C01607047C04644
:10564000E406002007480168074A0A40074909683C
:105650001143012253030B430360D0060449086041
:105660007047C046041002400000FFFF040FFF1FF8
:1056700008ED00E0B0B5FEF74BF9002814D05E4805
:1056800001785E4A1278531A012B03D0002A04D104
:10569000FF2902D1FEF7F6F806E0491C0170C8B2F6
:1056A0005749085CFEF794F9FEF72CF900281AD048
:1056B0005B4800785B4C25781F2D07D1002808D067
:1056C000FEF734F92E49485500200BE0401B012815
:1056D00003D111480121017005E0FEF727F928499F
:1056E0004855681C2070FEF707F9002801D0FEF726
:1056F000B9F8FEF7EFF8002801D0FEF795F8FEF7AD
:10570000F5F8002801D0FEF7A3F8FEF7E9F8002825
:1057100001D0FEF793F8B0BD0A07002080B5FEF770
:10572000F1F8002803D1FEF7FBF8002801D0012092
:1057300080BD002080BD000070B502460020002919
:105740001BD0384B1B78364C0D4D06E03678167062
:10575000C9B2491CCEB28E420FD126781F2E05D178
:10576000002B0BD0002626702E46EFE7761C9E42BB
:1057700004D02670F6B2AE19E8E770BD012070BD06
:105780007C050020F0B581B000292CD01A4A12788F
:1057900000231A4C09E0751C954226D0184CA755D9
:1057A000164C25705B1C8B420CD2C75C002F09D0B5
:1057B0002678FF2EEFD1002A19D0FF25104C67550F
:1057C0000025EDE7FEF7ACF80024002810D10A49C7
:1057D0000878401C0870C0B20949085CFEF7F8F868
:1057E000FEF772F804E0002402E0012400E0012446
:1057F000204601B0F0BDC046DA00002019070020A5
:105800009C0500200648017806480078884202D8A6
:105810001F22511A00E0C9430818C0B27047C046A1
:10582000D80000200B070020F0B581B00E4C2025D9
:10583000256101218E030D4F3E61FEF731FB3E6075
:10584000256001B0F0BDC046F0B581B0064C202502
:10585000256001218E03054F3E61FEF721FB3E606E
:10586000256001B0F0BDC04618040050180000507B
:10587000002805D41F21084001218140074801600C
:105880007047C0460120C005044908607047C04603
:105890000120C006014908607047C04600E100E0F1
:1058A000002805D4032102468A430B49511806E01B
:1058B0000F210140083903229143064A89188007C5
:1058C000C00E40228240FF23834008689843104363
:1058D000086070471CED00E000E400E0FF200006D7
:1058E00002490A6882430A607047C04614E400E037
:1058F000FF20000603490A68824301208007101830
:105900000860704718E400E00F21014000090A22F6
:1059100042435018C0B2704782B0FFF777FEFDF7E0
:1059200053F9FEF7DFFAFEF74DFCFFF713FEFBF726
:105930003DFA7D20C000414D2880FEF74BFA322011
:10594000FEF74CF83EA001F0BBF943A001F0B8F916
:1059500049A001F0B5F94D4F002038804C4C208013
:105960004C4E30804C4908804C490190088000E042
:1059700030BF384600F092FD304600F0B3FD474896
:1059800001F0EAF8444801F027F9204600F092F8C7
:10599000FFF7C4FE29880028EAD10029E8D10821B0
:1059A0004048FDF792FB002811D101213D48FDF749
:1059B0008CFB00280BD102213A48FDF786FB00281A
:1059C00005D104213748FDF780FB0028D0D02646BA
:1059D0003C462F46FFF788FA0028FBD00198324951
:1059E00008702F490860FDF70DFFFDF787FBFEF7F4
:1059F00009F8FFF7A1FD01252846FDF7EFFFFDF7A8
:105A00005DFEFDF7ADFD30BFFDF75EFEFDF7AEFDBF
:105A1000FEF768FAFEF7D6FB244805702448008894
:105A20001F490860FFF796FD3D4627463446194E4C
:105A3000FFF70AFD0028FBD09BE7C0469C0600202C
:105A40000A0A3553315020323137303020506F77C9
:105A500065722042616E6B000A506F7765726564F3
:105A60002062792053573633303620262050593360
:105A700032463030324100000A544B57544C2032E9
:105A80003032342F30382F31300A00000207002026
:105A90000007002004070020060700200807002058
:105AA0003444014000040050D9000020E3060020E7
:105AB00004010020F0B587B00746008801465A3936
:105AC0008629069700D9B2E04900C0467944898802
:105AD00049008F44B000B600BD00BD00BD00BD0050
:105AE000BD00BD00BD00BD00BD00BD00BD00BD00CE
:105AF000BD00BD00BD00BD00BD00BD00BD00BD00BE
:105B0000BD00BD00BD00BD00BD00BD00BD00BD00AD
:105B1000BD00BD00BD00BD00BD00BD00BD00BD009D
:105B2000BD00BD00BD00BD00A701AE01B501BC01B7
:105B3000C301BD00BD00BD00BD00D101BD00BD0061
:105B4000BD00BD00BD00BD00BD00BD00BD00BD006D
:105B5000BD00BD00BD00BD00BD00BD00BD00BD005D
:105B6000BD00BD00BD00BD00BD00BD00BD00BD004D
:105B7000BD00BD00BD00BD00BD00BD00BD00BD003D
:105B8000BD00BD00BD00BD00BD00BD00BD00BD002D
:105B9000BD00BD00BD00BD00BD00BD00BD00BD001D
:105BA000BD00BD00BD00BD00BD00BD00BD00D803EF
:105BB000BD00BD00BD00BD00BD00BD00BD00BD00FD
:105BC000BD00BD00E203E803BD00BD00BD00BD0097
:105BD000BD00BD0086008C009300BD00F103BD0038
:105BE000FE03FEF70DFE00283AD0DB2038800120AE
:105BF000FEF754FE00282FD0DC203880FFF7FCFA97
:105C00000446FFF7FDFA0546FFF764FB06466E43C0
:105C1000FFF75CFB01463046FAF76AFA201A80B2B9
:105C2000FEF768FE002800D04CE3002490E3002833
:105C30000ED15A203880FEF791FE00280ED05B204E
:105C400038800120FEF7FEFD00280BD100247FE301
:105C50000020388003247BE3002479E3002477E3E9
:105C6000002475E38F4801780A2900D22AE30A212B
:105C700001708D48FBF7C2F8FAF717FD8B4E3146DD
:105C8000FAF7D0FA0446FAF73EFD02460B4688487A
:105C90008849FAF7E7FBFAF74AFD01462046FAF78A
:105CA000FEFA854C2146FAF7BDFA2146FAF7F7FAD3
:105CB000FAF729FD01F062FD0025804B2A46FAF72C
:105CC00047FC072257077E4B3A46FAF727FB024666
:105CD0000B467C492846FAF73BFC032254077A4BD3
:105CE0002246FAF71BFBFAF722FD7849086078484C
:105CF000FBF784F8FAF7D9FC3146FAF793FA06462F
:105D0000FAF701FD02460B4669486A49FAF7AAFB11
:105D1000FAF70DFD01463046FAF7C1FA664E3146F4
:105D2000FAF780FA3146FAF7BAFAFAF7ECFC01F022
:105D300025FD684E3268684B5A602A465F4BFAF779
:105D400007FC3A465E4BFAF7E9FA02460B4628464C
:105D50005C49FAF7FDFB22465B4BFAF7DFFAFAF7EC
:105D6000E6FC5E490860FFF78FFA3168FAF752FAED
:105D700006465B4C2146FAF771FC002800D13446F8
:105D80005849204601F0DDFC5749FAF74BFA5749CC
:105D9000FAF7EFF90646564C2146FAF75FFC002861
:105DA00000D134465349204601F0CBFCFAF792FC6F
:105DB00051490860514801780129069F19D150497D
:105DC00009780839062914D84E4901220A7005704D
:105DD0004D4CE0886421FAF78BF90846237AE27883
:105DE0002179FBF7CBFA22786178A078FBF703FBE7
:105DF00006E0464C2046FBF798FA2046FBF771FA7E
:105E0000FFF7B6FB42480178012904D105703248FA
:105E1000007AFFF769FB3F4801883FA000F050FF80
:105E200084203880FEF748FB002800D17FE28520DF
:105E30003880FFF70FF9002800D17AE286203880F9
:105E4000FFF780FA002800D175E287203880FFF73D
:105E500053F9002800D170E288203880FEF76EFCEC
:105E6000002800D16BE2FEF775FF002809D12F480A
:105E700000F026FF8D203880FEF770FD002800D14D
:105E80005FE2FFF7BDF9312854D8FEF787FF0028FD
:105E900003D1FEF789FF00284CD025480088441C18
:105EA0005EE0C046D9000020100000103333533AA2
:105EB0008FC2F5285C8F0A400050C34700DCAE401B
:105EC000E1796B3F0000F03F661271C06C05002065
:105ED00020000014D40000200401002070050020E0
:105EE0006F12833A000048420000204100004844FD
:105EF0000000C84200007A44382C01407A05002096
:105F0000BA0600207B0500205C050020E000002090
:105F1000680500209C0600200AD0DDC3DFB5B9BCAF
:105F2000C6CAB13A2564306D730000007A9000084B
:105F3000B8060020FEF7F0FE002807D1FEF73AFF72
:105F4000002803D1FEF73CFF002808D0FEF726FF0B
:105F50000424002804D1FEF727FF002800D10024E4
:105F6000FD480480FFF748F9322813D8FFF748F9B5
:105F700032280FD8FEF71EFF00280BD1FEF720FFB6
:105F8000002807D1FEF70AFF002803D1FEF70CFF17
:105F9000002803D07D20C000F6490880FEF7C8FE27
:105FA000002802D0F6A000F08BFEFEF7C7FE002806
:105FB00002D0F7A000F084FEFEF7AEFE002802D06B
:105FC000F7A000F07DFEFEF7ADFE002802D0F6A09F
:105FD00000F076FEFEF7B8FE002802D0F4A000F034
:105FE0006FFEFEF7E7FE002802D0F3A000F068FE87
:105FF000FEF7E6FE002802D0F3A000F061FEFEF7F7
:10600000CDFE002802D0F4A000F05AFEFEF7CCFE30
:10601000002802D0F4A000F053FEFFF71DF901465E
:10602000F54800F04DFEFFF713F90146F348017003
:10603000F34800F045FEFFF7F9F8CC4C2146FAF79B
:106040002EF9FAF760FB0246EE480B4600F038FEE8
:10605000FFF708F92146FAF722F9FAF754FB02464E
:10606000E9A00B4600F02CFEFEF736FF002802D018
:10607000EA4800F025FEFEF7E1FE002802D0E848DD
:1060800000F01EFEFEF710FF002802D0E5A000F091
:1060900017FEFEF79BFE002802D0E54800F010FE38
:1060A000FEF7F2FE002802D0E24800F009FEFEF7FB
:1060B000F3FE002802D0E04800F002FEFEF704FFE5
:1060C000002802D0DD4800F0FBFDFEF7F5FE0028B9
:1060D00002D0DB4800F0F4FDFEF7A8FE002802D055
:1060E000D84800F0EDFDFEF799FE002802D0D64812
:1060F00000F0E6FDFEF78AFE002802D0D34800F04B
:10610000DFFDFEF77BFE002802D0D14800F0D8FD6D
:10611000FEF7B2FE002802D0CE4800F0D1FDFEF717
:106120005DFE002802D0CC4800F0CAFDFEF79CFEC0
:10613000002802D0C94800F0C3FDFEF78DFE0028FC
:1061400002D0C74800F0BCFDFEF77EFE002802D05A
:10615000C44800F0B5FDFEF749FE002802D0C24851
:1061600000F0AEFDFFF742F801467C4CA268BF4844
:1061700000F0A6FDFFF7AEF801462268BC4800F02B
:106180009FFDFFF73DF80446052000070125E902C1
:10619000FCF79BFF0246B748214600F091FDFFF750
:1061A00095F80446FFF73AF80646FFF72FF803463E
:1061B000B1482146324600F083FDFFF71DF8044642
:1061C0000020FBF799FC064605952846FBF794FC52
:1061D000FAF799FA07460D463046FAF794FA02465E
:1061E0000B4600970195A548214600F069FDFFF791
:1061F00063F804465A480068FAF785FA02460B46E7
:106200009F48214600F05CFDFFF73EF804465648E3
:106210000068FAF778FA05460E462046FAF773FA50
:1062200002460095019697480B4600F049FD5048FC
:10623000C3780279C188847845780678007A00AFFF
:1062400070C70390904800F03BFDFFF71DF88F49A1
:10625000FAF712FA002810D1FFF72EF8B4280CDC58
:10626000FFF712F88A49FAF7F9F9002805D14B200F
:10627000C443FFF721F8A04234DC3F4800F020FD82
:10628000C720069F3880FEF769FB00285BD03B489B
:10629000008804280ED3D2203880FEF79BFE002809
:1062A00053D0D3203880FEF7B5FE00284FD03348B6
:1062B00000210180DE20388000242046FEF7EEFA1F
:1062C000002845D0E0203880724800686430724968
:1062D00008607048006870490968814200D2C1E4D2
:1062E000002435E0FEF7D0FF0446032081071D4D52
:1062F0002868F9F73EFF01462046FAF7BDF9002865
:1063000011D0FEF7C1FF0446059881072868F9F708
:1063100030FF01462046FAF7A1F90028069FB6D1C2
:10632000FCF722FFB3E7FCF7E9FE069FAFE7002486
:106330000EE000240CE000240AE0002408E0002421
:1063400006E0002404E0002402E0002400E0002431
:10635000204607B0F0BDC046B8060020382C0140EA
:106360006C050020D40000207005002000007A4455
:10637000E00000209C0600207A900008B80600206B
:106380000AB3E4B5E7B7A2C9FAB4EDCEF300000052
:106390000AB7C5B5E7B7A2C9FAB4EDCEF30000005D
:1063A0000AD4DAB3E4B5E7000AB7C5B5E7D6D0003A
:1063B0000AD2D1B3E4C2FA000A433120B6CBBFDA25
:1063C000D2D4C6F4D3C300000A433220B6CBBFDA1E
:1063D000D2D4C6F4D3C300000A413120B6CBBFDA11
:1063E000D2D4C6F4D3C300000A413220B6CBBFDA00
:1063F000D2D4C6F4D3C3000044910008670500203E
:106400005A910008009200080ABFE2C2D8BCC6B583
:10641000B1C7B0C8DDC1BF25665768002F9200081C
:10642000EA920008A3AC55464353D0ADD2E9000030
:10643000A8920008C3920008B29200087592000862
:106440005692000865920008849200081592000890
:1064500022920008D8920008CE9200084B920008C1
:106460009E92000894920008E2920008CB910008E6
:10647000E1910008A891000881910008339000087C
:10648000C1900008EA90000804900008000034431E
:10649000000096C2E40600200C07002070B588B00A
:1064A00004460088EC2808D0002804D00020208072
:1064B000032008B070BDEC202080FFF7A3F900286E
:1064C0000CD0FFF79FF905466E4630462946FFF788
:1064D00033F930462946FFF755F9ECE7002008B0BC
:1064E00070BD0000F0B581B004460088754988424F
:1064F00000D1EAE2002804D000202080032001B06F
:10650000F0BD7D27BE0070480178491C0170FCF782
:10651000A3FBFAF791FE01466C4D2870401E0B2834
:1065200000D9A7E24000C0467844808840008744F4
:106530000B00130080003F009E024800AC009E024A
:106540006C009E029E029E02614802780C23534317
:10655000604AD218D27832E05D4801780C224A4372
:106560005C49891849780170C81F112800D97DE25B
:106570004000C04678448088400087441100D40120
:10658000E601F001FA0104020E021602D800E4004E
:10659000770220027702F4007702FE0077022A02D7
:1065A0004D480188491C0AB2962A00DCE2E0E0E08E
:1065B000474802780C235343464AD2181279027096
:1065C00055E243480078C01F112800D94EE2400030
:1065D000784480884000874411003A014901500105
:1065E0005801600168017101AA00B6004902490220
:1065F0004902C6004902D0004902790136480188A3
:10660000491C0AB2962A3EDAB4E0314800780838CC
:10661000C2B20E2A09D8314BD340DA0705D040B2B6
:1066200080002FA210580122027000203B4A106007
:106630001DE227490A780C204243264B9A1892788B
:106640000A70D11F112900D910E2490079448988C4
:1066500049008F4411009B00D101A500AB00B4009C
:10666000BD00C600CC00D6000B02DA010B02E80028
:106670000B02F3000B02EC0117480188491E0AB215
:10668000002A00D476E0962174E011480078C01FFB
:10669000112800D9EAE1400078448088400087440E
:1066A0003F00750027017F0085008E009700A00045
:1066B000A600B000E501E501E501C200E501CD005D
:1066C000E5012E0185020000D9000020C10600204E
:1066D000BA06002038930008780500207F400000AB
:1066E0007A0500207A0500207A0500207A0500202E
:1066F0007A0500207A0500207A0500207A0500201E
:106700007A0500207A0500207A0500207A0500200D
:106710007A0500207A05002068050020342C01400D
:10672000FB480188491E0AB2002A22DD22E0EC491A
:106730000868401C08600868C0087D2800D295E100
:106740000020E7496CE0EB4800687F21C905F9F7B4
:1067500010FDE8490860EA49F9F780FF002800D0F9
:1067600084E100205BE0E0480188491C0AB2B242A3
:1067700000DD00210180297879E1DB48017A491C9C
:10678000CAB2642A00D817E10A2115E1DF49DE48C0
:10679000C288521E93B28B4200D25CE11146D1E016
:1067A000D948C178491E0A066DD0DFE0D648817805
:1067B000002901D1182181708178491EE0E0D2487A
:1067C0004178002901D13C2141704178491EE1E026
:1067D000CD480178002901D13C2101700178491E82
:1067E000F4E0C948017A491E0A066DD0E4E0BC49CC
:1067F0000868002802D1C348401C08600868401E91
:106800000EE0BC480068BC49F9F7B3FCB949086020
:10681000BA49F9F731FF002800D027E1B848B54957
:106820000860297823E1B0480188491E0AB2002A8D
:10683000324600D40A460280297818E1AA48017A33
:10684000491ECAB20A2A00D3B6E06421B4E0AE48B9
:10685000C188491C8BB2AD4A934200D811468BB215
:106860004A32934200D2F7E01146F5E0A64801799A
:10687000491CCAB20C2A6FD33FE0A348C178491C17
:10688000CAB21F2A72D31F2170E09F488178491C29
:10689000CAB2172A74D3172172E09B484178491C69
:1068A000CAB23B2A76D33B2174E097480178491C51
:1068B000CAB23B2A00D289E03B2187E09248017AA4
:1068C000491CCAB2072A77D3072175E08648C068F9
:1068D000F9F719FF854A8F4BF9F720FDF9F727FFE4
:1068E0008121C9050090F9F7C7FE002819D081E081
:1068F00085480179491E0A062ED10C212CE07A48E0
:10690000C068F9F700FF794A794BF9F707FDF9F705
:106910000EFF7F21C9050090F9F7A0FE002800D0E6
:106920009DE000999DE07848C188481C83B2774A71
:10693000934200D8104683B211464A318B4200D8A8
:1069400002467148C280297891E06F480179491C5C
:10695000CAB20C2A00D901210171297887E06A485E
:10696000C178491CCAB21F2A00D90121C1702978F7
:106970007DE065488178491CCAB2172A00D90021F8
:106980008170297873E060484178491CCAB23B2A7B
:1069900000D900214170297869E05B480178491CE1
:1069A000CAB23B2A12D9002110E05748017A491C8B
:1069B000CAB2072A00D901210172297857E0594843
:1069C00049491022FAF724FF54480121017029781F
:1069D0004DE04548C068F9F796FE444A4D4BF9F73B
:1069E0009DFCF9F7A4FE8121C9050090F9F744FE4A
:1069F00000282DD0002134E043490A79521E1306A5
:106A000000D010460871297831E0374855210172CD
:106A10004149416030210180404900220A704049CB
:106A200001220A708121C905C16029781FE02E4822
:106A3000C068F9F768FE2D4A2D4BF9F76FFCF9F79E
:106A400076FE7F21C9050090F9F708FE002806D1DF
:106A50002548009906E04A31C180297807E0812065
:106A6000C1052148C1600846FEF738FD29782EA0EF
:106A700000F026F9FEF74AF9002803D1FEF782F963
:106A8000002802D02BA000F01BF9FEF77BF90028AC
:106A900002D02BA000F014F91D4800881049C860EE
:106AA000104801782948022901D3F90001E0018842
:106AB000891E01800C48008825490860913626808F
:106AC00043480068401C2349086041480068214948
:106AD0000968814200D214E5002001B0F0BDC04633
:106AE000342C0140BA060020040100207B14AE477C
:106AF000E17A84BFD4000020000080BF00008CC277
:106B000000008C42E70300005C050020E90700005C
:106B100078050020E17A843F00000C42010100204A
:106B20000001002000B00008BCFCD6B53A25640A7C
:106B300000000000B5CDB5E7D1B92121210A000040
:106B4000B9FDCEC22121210A000000009C060020D0
:106B50003444014010070020B0B504460088174DAA
:106B6000A84223D0002803D0002020800320B0BDFD
:106B700013490878421CD3B20020632B034600D887
:106B800013460B70FDF7DEFA0E4800780C214143E6
:106B90000D48401880680D4908608047FDF7E2FA0B
:106BA00025800B4800681E300A49086008480068C4
:106BB000084909688142DBD30020B0BDB50200005E
:106BC00018070020BA06002038930008B4060020F9
:106BD000E40600201407002010B504460088284968
:106BE000411813290ED8C0467944097949008F44C9
:106BF0001442424242424242422B344242424242C8
:106C00004242420B002836D11E48007800280BD0A3
:106C10001DA000F055F822482080FEF793FB0028C5
:106C200027D01848002101701E48007800281BD08A
:106C30001DA000F045F821480178012911D100215B
:106C4000017017480930208022205421FDF760FD93
:106C500000280ED012480A302080FDF7D1FD002810
:106C600007D01048002101700D481330208001200A
:106C700010BD002010BD00202080032010BDC046A4
:106C80006EFDFFFFC00600200A53573633303656DC
:106C9000D6D0B6CFCAC2BCFEB7A2C9FA210A00003C
:106CA00092020000E20600200AB0B4BCFCD6D0B6C6
:106CB000CFCAC2BCFEB7A2C9FA210A00E30600206F
:106CC00083B0B0B591B0044615A80EC015AA0092C5
:106CD00001AD2846214600F02DF840212846FEF758
:106CE00051FD11B0B0BC01BC03B000470FB410B5EA
:106CF00003A9044B044A029800F082F910BC08BCB6
:106D000004B0184769770008C00000200FB410B520
:106D100004A9074B02AA039800F072F9044602A9DD
:106D2000002000F009FD204610BC08BC04B0184744
:106D30003977000837B514460846064B6A4621469F
:106D400000F05EF904466946002000F0F5FC20469C
:106D50003EBD0000397700082021020C01D010212F
:106D60001046020A01D010460839020901D0104627
:106D7000091F820801D01046891E420801D0881ED2
:106D80007047081A7047F8B504464F1EC800083807
:106D9000211815461E46086849683A4606239A4354
:106DA00010D02A463346F9F76BFB3A46D200083A30
:106DB000A3181A687F1E5B68F9F7B0FA06223B46F3
:106DC0009343EED1022F23D0042F11D0062F2FD1C1
:106DD0002A463346F9F754FBE36AA26AF9F79EFAAA
:106DE0002A463346F9F74CFB636A226AF9F796FAAA
:106DF0002A463346F9F744FBE369A269F9F78EFAAC
:106E00002A463346F9F73CFB63692269F9F786FAAB
:106E10002A463346F9F734FBE368A268F9F77EFAAD
:106E20002A463346F9F72CFB63682268F9F776FAAD
:106E3000F8BD0000002210B5134610460149F9F7CD
:106E400087FB10BD0000F03F10B50122F9F77EFD71
:106E500010BD002210B5134610461146F9F778FB15
:106E600010BD02E008C8121F08C1002AFAD17047FD
:106E70007047002001E001C1121F002AFBD17047BA
:106E80000149086070470000C4000020F0B51FB43D
:106E900086B00998089A030D0021024314D0514886
:106EA000514A1818504305141198012810981AD007
:106EB000281A401C00264D4F4D4900960191049020
:106EC000002812DA444211E01198012449A3012854
:106ED00001D11098C1430698119A84600360C26082
:106EE00041600BB0F0BD4042E4E7044621050020BC
:106EF0003F4A001C51410391029012E0E00707D085
:106F000032463B4601990098F9F7BAFA0191009090
:106F100032463B4610461946F9F7B2FA06460F4686
:106F20006410002CEAD10498039B0028029A099966
:106F3000089806DAF9F7A4FA019B009AF9F7A0FA83
:106F400005E0F9F705FB019B009AF9F701FB044600
:106F50000E460022284BF9F757FD03D80020C04306
:106F6000014607E00022254B20463146F9F7D6F9C5
:106F7000F9F716FD102409E0002C0ADB0A22002391
:106F8000F9F7F1FB079B30321A55641E02460A439B
:106F9000F2D11122641C079B121B1C19119B012B9F
:106FA00003D0012308430ED10AE0084304D0112086
:106FB00010900020119077E71098151A6D1E0BE0C5
:106FC0001098824202DD00236D1C03E0824201DA48
:106FD00000236D1E002BEED0069811998260C160CF
:106FE00030C07EE701FCFFFF104D000000001440A0
:106FF0000000F03F300000000000F0430000E03FE0
:10700000FFB597B00646002518E2252877D1002461
:107010002746FD49049400E00443761C32780120A1
:10702000203A90400842F7D130782A280ED0022228
:10703000307801463039092916D804990A23594372
:10704000303940181443761C0490F1E7189802C8B0
:1070500004911890002904DA0120400304434842B7
:10706000049002200443761C30782E2814D104208A
:1070700004437078761C2A2809D11898761C80C899
:10708000189009E00A214F43303FC719761C307829
:10709000014630390929F5D930786C2810D006DC42
:1070A0004C281AD068280ED06A2817D104E074281A
:1070B00013D07A2812D110E00120400504430CE0DF
:1070C0000121090501E0032109050C437178814282
:1070D00003D1012000052418761C761C307811900D
:1070E00066280BD013DC58287DD009DC00287BD023
:1070F0004528F6D04628F4D047281AD1A5E118E053
:10710000632835D0642870D0652812D19DE170289D
:107110006CD008DC6728F1D069287BD06E280DD0B0
:107120006F2806D1BAE073282ED0752871D0782840
:1071300059D01A9A199990476D1C7EE16002400F50
:10714000022809D003280DD00428189801680DD012
:107150000D60001D189070E11898EA1701680D6025
:107160004A60F6E7189801680D80F2E70D70F0E7C5
:1071700018986A4601781172001D1890002050720C
:1071800002A80090012005E0189802C8189000207D
:107190000091C04361070DD5002101E00199491C10
:1071A0000191B94212DA8142F8DB009A515C002960
:1071B000F4D10BE0002101E00199491C01918142C9
:1071C000FADB019A0099895C0029F5D101990498AC
:1071D0001A9B471A21463846199A00F097FA0199E6
:1071E000401945180BE04FE02CE113E04EE0009809
:1071F00000990078491C00911A9A199990470198B2
:10720000401E0190401CF2D1214638461A9B199A23
:1072100010E137E00A200021009001916002410F47
:10722000022907D0189A01CA1892C2179446032956
:1072300008D00AE01898C01DC108C90005C91891F6
:10724000944607E000B2C2179446042902D140B226
:10725000C1178C4600226146944506DA0A46002191
:10726000404291418C462D2102E0210504D52B217D
:107270006A461173012103E0E10701D02021F7E7FD
:10728000029155E00A200AE0102008E0102000904A
:107290000021042004430191082703E00820002175
:1072A000019100906002410F022907D0189A01CA8B
:1072B000189200229446032908D008E01898C01DAF
:1072C000C108C90005C91891944603E080B2042999
:1072D00000D1C0B200210291210729D5119970294E
:1072E00006D0009A1021019B4A401A4305D00EE0B7
:1072F00040216A461173012108E06146014306D02E
:1073000030216A4611731199517302210291009A3A
:107310000821019B4A401A430AD16146014301D129
:10732000610705D530216A46117301217F1E029144
:107330001199582904D035A10E910DA90D910DE098
:1073400037A1F9E76146019B009AF9F70CFA0E9B09
:107350008C469B5C0D9A521E0D9213706146014340
:10736000F0D10D9805A9081A20300190600703D5C7
:1073700001200004844300E001270198874201DDD9
:10738000381A00E00020019900904118029809186D
:107390000498401A0490E00306D421461A9B199AD7
:1073A000049800F0B3F94519002706E003A81A9ADB
:1073B000C05D199990476D1C7F1C02988742F5DBD0
:1073C000E0030CD521461A9B199A049800F09EF907
:1073D000451904E01A9A3020199990476D1C0099BC
:1073E000481E00900029F5DC08E00D980D99007802
:1073F000491C0D911A9A199990476D1C0199481EC4
:1074000001900029F1DC63E10928010030313233B9
:1074100034353637383961626364656600000000D0
:1074200030313233343536373839414243444546BA
:107430000000000000F05AF94519761C3078002849
:1074400000D0E2E528461BB0F0BD600700D4062757
:107450001898C01DC108C90048680A680831C30FE0
:10746000DB071891190001D09CA108E0210501D586
:107470009BA104E0E10701D09AA100E09AA143009A
:1074800011985B08109165280CD006DC452809D0BE
:1074900046281DD0472841D141E0662818D06728EA
:1074A0003CD13CE00021112F01DB112000E0781CD1
:1074B0000191009008A911A8FFF7E8FC1399059124
:1074C0000021119A15927F1C12980197009150E0AB
:1074D0000120C00703900120019008A9009711A87E
:1074E000FFF7D4FC139A149905920022119B009285
:1074F00012981593059A0192002901D0104602E0D6
:10750000791C40180190381A01D5019804E04042D6
:10751000401E0090781C0190C01B029043E0012F98
:1075200000DA01270021112F01DD112000E038468B
:107530000191009008A911A8FFF7A8FC13990591E3
:10754000119A0021129815920091019721070CD4ED
:107550000599B94201DB019900E00191012904DD9F
:10756000159A491E515C302906D0B84201DA011D36
:1075700005DA0121029115E00199491EEDE7002885
:1075800005DC0099411800910199091A03E0019A5C
:10759000411C914200DD01910099401A401C02906B
:1075A0000120C0070390200706D402990198814268
:1075B00002DB0020C043029000206946C87707AF75
:1075C000012103980337C907884224D00220119073
:1075D0002B201290039800280CDA404203902D20B3
:1075E000129007E00A210398F8F782FD30317F1EE0
:1075F000039039701199481E11900029F2DC03980C
:107600000028EFD1791E12980870307820210840A8
:107610004530BF1E387006A8C01BC01D03901098CF
:107620000078002800D00120019941180298C01765
:107630000918039809180498401A401E0490E003A2
:1076400006D421461A9B199A049800F05FF8451950
:1076500010980078002803D01A9A199990476D1C49
:10766000E00324D521461A9B199A049800F04EF89D
:1076700045191CE00098002807DB0099059888420E
:1076800003DD1598405C199901E0199930201A9A88
:10769000904700986D1C401C00900298401E02907C
:1076A000002804D11A9A2E20199990476D1C01992F
:1076B000481E01900029DDDC05E038781A9A7F1C0D
:1076C000199990476D1C0399481E03900029F4DC1A
:1076D00021461A9B199A0498ACE600002D00000080
:1076E0002B0000002000000000000000F8B5044658
:1076F00000251E461746880404D405E0394620209C
:10770000B0476D1C641EF9D52846F8BDFFB5044688
:10771000002581B01E46C80301D5302700E0202790
:10772000880404D505E038460399B0476D1C641EF3
:10773000F9D5284605B0F0BD0A68531C0B601070DF
:10774000704770B50C460546F9F772F9000F082826
:1077500006D06000FF214008C905081AC00F01D0FB
:10776000284670BD204670BD38B504466846047092
:1077700069460320ABBE204638BD0000F0B5C54ABF
:1077800000248FB091420ADA4B005B08934206D87E
:1077900001254A006D05EA4205D1002803D0FFF714
:1077A00053FB0FB0F0BD01252D05A94219DA0343A3
:1077B00008D0002910DA0120FFF762FBFFF749FB30
:1077C0000FB0F0BD0220FFF75BFBFFF733FB012298
:1077D000D20751400FB0F0BD3524E4433622F9F70B
:1077E000B5F80A15AC4B1219D4180A03120BAB49A1
:1077F000AB4B56182E403146594011430192321579
:1078000012190B920022F8F72DFE019A0446921CE1
:107810001003A44E000B0D467E44032860D2204680
:1078200073683268F9F7DCF81CD10B98002815D082
:10783000F9F7A2F804460E469B4A9C4BF8F720FE47
:107840000D4607469A4A9B4B20463146F8F718FEEC
:107850003A462B46F8F762FD0FB0F0BD716830680C
:107860000FB0F0BD944A954B20462946F8F708FE24
:107870000022934BF8F7FCFD06460F4622462B46A6
:1078800010461946F8F7FCFD32463B46F8F7F8FD7E
:1078900006460B980F4600281DD0F9F76DF8824A6E
:1078A000824B05910490F8F7EBFD32463B46F8F722
:1078B000DFFD22462B46F8F7D5FD04460D467C4AEF
:1078C0007C4B05990498F8F7DBFD22462B46F8F728
:1078D000C9FD0FB0F0BD0B46324620462946C4E034
:1078E000012300229B072046F8F718FD02460B46AD
:1078F00020462946F8F72CFE06460F460B98F9F766
:107900003BF832463B460591049010461946F8F77D
:10791000B7FD09910C906B490198099B42180092A0
:107920000C9A19461046F8F7ABFD024607910A90EB
:10793000654901980B1A6548019303217844079B18
:10794000FFF721FA079B0A9AF8F79AFD0E905F4815
:107950000D9104217844079B0A9AFFF714FA099BBA
:107960000C9AF8F78DFD019B009A1A4300920D9B2B
:107970000E9AF8F7D3FC009A01910C90002A4DDD85
:107980000022D24320462946F8F7E0FF22462B4644
:10799000F8F776FD00910A900B9800282BD0424A08
:1079A000424B05990498F8F76BFD07910E90019BE7
:1079B0000C9A00990A98F8F7B1FC32463B46F8F762
:1079C0005FFD079B0E9AF8F7A9FC009B0A9AF8F74F
:1079D0004FFD22462B46F8F745FD04460D46344A36
:1079E000344B05990498F8F74BFD22462B46F8F7DF
:1079F00039FD0FB0F0BD019B0C9A0A98F8F78EFC88
:107A000032463B46F8F73CFD009B0A9AF8F730FDFA
:107A100022462B46F8F72CFD0FB0F0BD0B9800283E
:107A200027D0214A214B05990498F8F729FD0791A1
:107A3000009020462946019B0C9AF8F713FD324628
:107A40003B46F8F71DFD079B009AF8F70BFD224611
:107A50002B46F8F707FD04460D46154A154B0599C8
:107A60000498F8F70DFD22462B46F8F7FBFC0FB003
:107A7000F0BD0B46204629460C9AF8F7F3FC324637
:107A80003B46F8F7FDFC22462B46F8F7F1FC0FB019
:107A9000F0BD00000000F07F01FCFFFF645F090003
:107AA0000000F03FEC020000763C7935EF39EA3D0A
:107AB0000000E0FE422EE63F555555555555D53F41
:107AC0000000E03F86EBF9FF51B80600900100008E
:107AD00004FA97999999D93FAF788E1DC571CC3F1B
:107AE0009FC678D0099AC33F935555555555E53FE4
:107AF000599322942449D23FDE03CB966446C73F74
:107B000044523EDF12F1C23F0000000000000000BE
:107B10000000000000000000000000000000000065
:107B20000000000000000000000000000000000055
:107B3000010000000200000003000000040000003B
:107B40000600000007000000080000000900000017
:107B50000000000000000000000000000000000025
:107B6000010000000200000003000000040000000B
:107B700000000000000000001010101000100000B5
:107B8000282828000000000028287C287C282800BD
:107B9000103C503814781000004C2C100860600025
:107BA00030485020544834003010200000000000BD
:107BB00008102020201008002010080808102000BD
:107BC00000105438541000000010107C10100000F9
:107BD0000000000000180810000000007C000000F9
:107BE00000000000003030000004081020400000B9
:107BF00038444C54644438001030101010103800D1
:107C00003844040810207C007C0810080444380024
:107C1000081828487C0808007C4078040444380090
:107C200018204078444438007C04081020202000AC
:107C300038444438444438003844443C0408300054
:107C400000303000303000000030300030102000B4
:107C5000081020402010080000007C007C0000007C
:107C600020100804081020003844040810001000F8
:107C7000384404345C443800102844447C444400B4
:107C800078444478444478003844404040443800C4
:107C900070484444444870007C40407840407C0038
:107CA0007C404078404040003844405C44443C00C4
:107CB0004444447C444444003810101010103800F0
:107CC0001C080808084830004448506050484400E8
:107CD0004040404040407C00446C54544444440084
:107CE000444464544C4444003844444444443800BC
:107CF0007844447840404000384444445448340078
:107D000078444478504844003C40403804047800AB
:107D10007C101010101010004444444444443800B7
:107D200044444444442810004444445454542800D7
:107D300044442810284444004444442810101000AF
:107D40007C04081020407C003820202020203800AF
:107D5000004020100804000038080808080838000F
:107D600010284400000000000000000000007C001B
:107D70002010080000000000000038043C443C00D3
:107D80004040586444447800000038404044380083
:107D90000404344C44443C00000038447C40380027
:107DA000382420702020200000003C44443C04384B
:107DB0004040586444444400100030101010380013
:107DC00008001808080848304040485060504800F3
:107DD0003010101010103800000068545444440053
:107DE00000005864444444000000384444443800CF
:107DF00000005864645840400000344C4C34040483
:107E0000000058644040400000003C4038047800C6
:107E1000202070202024180000004444444C3400EA
:107E200000004444442810000000444454542800F6
:107E3000000044281028440000004444443C043816
:107E400000007C0810207C00102020402020100022
:107E5000001010101010100020101008101020003A
:107E60000000002054080000000000000000000096
:107E7000000000000000000000000018181818188A
:107E800018180000181800000012362448000000DE
:107E90000000000000000000000000242424FE4830
:107EA0004848FE48484800000000103854545030FC
:107EB0001C1414545438101000000044A4A8A8A89E
:107EC000541A2A2A2A44000000000030484848502A
:107ED0006EA494888976000000606020C0000000D5
:107EE000000000000000000000020408081010104C
:107EF00010101008080402000040201010080808A4
:107F00000808081010204000000000001010D638AB
:107F100038D61010000000000000000010101010F3
:107F2000FE10101010000000000000000000000013
:107F300000000000606020C00000000000000000A1
:107F40007F000000000000000000000000000000B2
:107F5000000000006060000000000102020404084C
:107F60000810102020404000000000182442424227
:107F7000424242422418000000000010701010100D
:107F800010101010107C00000000003C424242041F
:107F900004081020427E00000000003C4242041809
:107FA0000402024244380000000000040C1424249F
:107FB00044447E04041E00000000007E40404058FF
:107FC00064020242443800000000001C2440405873
:107FD00064424242241800000000007E4244080827
:107FE00010101010101000000000003C424242240B
:107FF00018244242423C0000000000182442424241
:10800000261A0202243800000000000000001818A0
:108010000000000018180000000000000000181800
:1080200000000018180830000000000204081020AA
:108030004020100804020000000000000000FE00C4
:108040000000FE00000000000000004020100804B6
:1080500002040810204000000000003C424262027E
:10806000040808001818000000000038445AAAAAA2
:10807000AAAAB442443800000000001010182828B2
:10808000243C444242E70000000000F844444478A5
:108090004442424244F800000000003E42428080D8
:1080A0008080804244380000000000F84442424290
:1080B0004242424244F80000000000FE4248487834
:1080C0004848404242FE0000000000FE4248487816
:1080D0004848404040E000000000003C44448080AC
:1080E000808E844444380000000000E7424242424F
:1080F0007E42424242E700000000007C1010101057
:1081000010101010107C00000000003E0808080845
:1081100008080808080888F0000000EE444850707D
:108120005048484444EE0000000000E04040404019
:108130004040404042FE0000000000EE6C6C6C6C61
:108140005454545454D60000000000C76262525286
:108150004A4A4A4646E200000000003844828282D1
:108160008282828244380000000000FC4242424287
:108170007C40404040E000000000003844828282A1
:108180008282B2CA4C380600000000F844444478A9
:108190004848444442E300000000003E4242402080
:1081A00018040242427C0000000000FE92101010F1
:1081B0001010101010380000000000E74242424248
:1081C00042424242423C0000000000E74242442456
:1081D0002428281810100000000000D692929292D5
:1081E000AAAA6C4444440000000000E7422424187A
:1081F0001818242442E70000000000EE4444282818
:1082000010101010103800000000007E84040808D0
:108210001020204242FC0000001E10101010101010
:108220001010101010101E000000404020201010F0
:10823000080404020202010100780808080808087E
:108240000808080808087800000814220000000048
:10825000000000000000000000000000000000001E
:1082600000000000000000FF00601000000000009F
:108270000000000000000000000000000000003CC2
:10828000421E2242423F0000000000C040404058D1
:108290006442424264580000000000000000001CDC
:1082A00022404040221C0000000000060202021E84
:1082B00022424242261B0000000000000000003C59
:1082C000427E4040423C00000000000F1110107E32
:1082D00010101010107C0000000000000000003E94
:1082E000444438403C42423C000000C04040405CB6
:1082F0006242424242E7000000000030300000705D
:1083000010101010107C00000000000C0C00001C6D
:108310000404040404044478000000C04040404EBB
:108320004850684844EE0000000000701010101023
:1083300010101010107C000000000000000000F67B
:108340004949494949ED000000000000000000DCF7
:108350006242424242E70000000000000000003C90
:1083600042424242423C000000000000000000D8AF
:1083700064424242645840E0000000000000001ED9
:1083800022424242261A020700000000000000EECE
:108390003220202020F80000000000000000003EF5
:1083A00042403C02427C0000000000000010107CB3
:1083B00010101010100C000000000000000000C69B
:1083C00042424242463B000000000000000000E73D
:1083D000422424281010000000000000000000D7F4
:1083E0009292AAAA44440000000000000000006E1F
:1083F000241818182476000000000000000000E790
:1084000042242428181010E0000000000000007E24
:1084100044081010227E0000000304040404040831
:1084200004040404040403000808080808080808F1
:108430000808080808080808006010101010100844
:1084400010101010101060000000000000002052FA
:108450000C0000000000000000093D0000127A003E
:108460000024F4004086510100366E0100093D00F1
:1084700000093D0000093D001C0FFF1F300FFF1FCA
:10848000440FFF1F580FFF1F6C0FFF1F1C0FFF1F14
:108490001C0FFF1F1C0FFF1FA1E630004800480003
:1084A00033E806380C180C080C000C000C000C000B
:1084B0000608031001E000000000C1C101087FFCB4
:1084C00000101FF8101010101FF000007FFE402257
:1084D0008FF40820082008221022601EB6C8010070
:1084E00000843FFE222022283FFC222023E020009F
:1084F0002FF022202140208043608C1E3004BFAA30
:1085000000087FFC08200820082008200824FFFE1F
:1085100008200820082008201020102020204020BB
:10852000B9D810100818042004487FFC010001008D
:108530000104FFFE01000280028004400830300E7A
:10854000C004B7E41080108010FC15887E505420C1
:1085500054DE572454F87C2051FC14201DFCE420E8
:1085600040200020C3F9004008887DFC49084948A4
:10857000490849284910490449FE7804482407F469
:10858000000400140008C6F73EF8228822882288DA
:108590003EF801200114FFFE02800C603018FEFE40
:1085A0002288228822883EF8D2F4020001103FF887
:1085B000082004200444FFFE00101FF810101010C3
:1085C0001FF0101010101FF01010C1BF00101FF886
:1085D00010101FF01014FFFE00001FF011101FF00C
:1085E00011101FF001001FF001007FFCD7EE1FF0FB
:1085F00010101FF010101FF00004FFFE22003FFCBF
:1086000022843E8822503E20E258028E0304B4F3B6
:1086100001000100010001000104FFFE01000280D1
:1086200002800240044004200810100E6004000084
:10863000D6B5084008480FFC1040104833FC5208DB
:1086400093F8120813F8120813F8120812081FFE04
:108650001000B1A308080BFC0A081208120833F82E
:10866000324050449FFE104010E011501248144E0A
:1086700018441040B4E602000204FFFE04000800A3
:108680000BF81010102030445FFE90401040104056
:10869000104011401080C9E801F021101110111094
:1086A0000110020EF40013F811081110109010A020
:1086B000144018B0130E0C04D6C33FF824483FF8FA
:1086C00001007FFC01001FF010101FF010101FF0C0
:1086D00010101FF01014FFFE0000B6CC2000200880
:1086E0002BFC3C00500891FC11081508FF0811F8FC
:1086F000100011082890249447FE8000B0B4104068
:108700001020100013FEFA02144410403FFED088DF
:1087100010881108109010601050508C2304BACDAE
:1087200002000700780008040AFEFF840884188409
:108730001C842A842A84488488FC08840800080051
:10874000B3A4080008100830084008800900080495
:10875000FFFE09000900088008400820091C0E08D7
:108760000800BCD3100010001004127EFF44124415
:1087700012441244124422442244224422444A7C99
:1087800084440000B5BD01047F8408041024222421
:1087900041247FA408A40A247F2408240824080470
:1087A0000F84F8140008B4EF0080408020802080FF
:1087B00000880FFCE0802100214022202210241894
:1087C000280850068FFC0000BAF3001000783F80A4
:1087D000200020043FFE2000200827FC2408240855
:1087E00024084408440887F80408CBAB00000004C0
:1087F000FDFE04844484448428882848104810508E
:108800002820283044504488810E0604BBF701001C
:10881000010001087FFC0100010001000104FFFECE
:10882000010001002108210821083FF82008B7B500
:108830000008401C33E01200020002F8F208129017
:10884000125012201250148C15042800440603FC08
:10885000BBD8000000047FFE4004404447E4444489
:1088600044444444444447C4444440047FFC4004DA
:108870000000CAB1000804087E08440847FE440806
:1088800044087C8844484448440844087C084448D8
:1088900000280010BCE420041BFE080440244FF410
:1088A0004824482448244FE44824482448244FE4DA
:1088B000482440144008D2BB000000000000000023
:1088C000000000000004FFFE0000000000000000A7
:1088D0000000000000000000B4CE00804080308026
:1088E000110801FC0208085010402040E04020A080
:1088F00020A021102208240E2804BBE10100010061
:1089000002800440082010102FEEC00400103FF831
:1089100002000200044008201FF00010CDCB03F835
:108920004208320813F802080208F3FC120812D0B9
:1089300012201290130C12042800440603FCB3F614
:108940000100010021082108210821083FF8210821
:108950000100410441044104410441047FFC4004FE
:10896000D3EB1000100010081FFC100010001008BE
:108970001FFC000800080048FFE80008000800503D
:108980000020CEBB088008400840100817FC3000CB
:108990005208920811101110109010A010241FFE00
:1089A00010001000D2D40000040842084308410817
:1089B0004008400840084110421044104820503000
:1089C000604801840604CEB40100010001087FFC68
:1089D000010001000104FFFE038005400920111081
:1089E000210E410401000100B5A510100820044823
:1089F0003FFC210821083FF8210821083FF8210009
:108A00000104FFFE010001000100C8B7004004405E
:108A1000FE781090112423FE25247D24A5FC252416
:108A2000252425FC25243D242224040CC8CF004005
:108A300040403040104000400040F0A010A010A086
:108A40001110111015101A08120804060804BCFCB5
:108A500020102710397C411482FE7A14247C2710C0
:108A6000F97C2110251422FE2A1035102896007C4E
:108A7000C3EB04200E207820082008A8FEA608A238
:108A80001D201A24282428284810882008400880FF
:108A90000B00C9CF0100010001000100011001F825
:108AA00001000100010001000100010001000104BA
:108AB000FFFE0000CBC91010109010901090FD0820
:108AC00011083904364254405040908010881104F7
:108AD00013FC10041000B5E70200020002107FF83A
:108AE000421042107FF0421042107FF0421002000C
:108AF0000204020401FC0000BBA10008F81C0BE802
:108B00000A480A487A484248424842487A480A484D
:108B10000A480AA80A9454F62804D5BC02000200A8
:108B2000020803FC0200020002103FF8201020108F
:108B300020102010201020103FF02010BFD5020080
:108B400001007FFE400284440C3010182008000011
:108B50003FF80100010001000104FFFE0000B1C860
:108B60000080208020802080208824983EA020C083
:108B7000208020802080208226823882607E000033
:108B8000B4FD0840084813FC20404840084417FE44
:108B90003010501497FE10101210111011101050B8
:108BA0001020CEC2000843FC3208120883F8620885
:108BB00022080BF8100027FCE4A424A424A424A475
:108BC0002FFE2000BFD81040102013FE1202FC54CC
:108BD0001088150418003008D3FC10201020102035
:108BE000102457FE2000C9E801F0211011101110C7
:108BF0000110020EF40013F811081110109010A0CB
:108C0000144018B0130E0C04D2FD01087F8801082F
:108C1000010801083F082008200841087F88010852
:108C20000108010811080A080408BDC509007D04EF
:108C3000493E4FE44924792449244FE449247924C6
:108C40004A244AB44FE8486088201820B6A8020099
:108C500001007FFE400280241FF00100010011206E
:108C600011F0110011001100290647FC8000CFC24D
:108C70000004FFFE020002000200028002400230F7
:108C800002100200020002000200020002000200C4
:108C9000BAC500101FF81010101010101FF00004BB
:108CA000FFFE040008101FF800100010001000A0C4
:108CB0000040BCF500104018301417FE04100410DA
:108CC0000DD0141425D4E5542554255825D0252A33
:108CD00008461082D6D800383FC00104FFFE0110BC
:108CE0001FF811101FF011101FF001003FF80100D4
:108CF0000104FFFE0000D2D100107FF80010001028
:108D0000201020103FF02010200020002000200420
:108D1000200420041FFC0000B1B3044004447C780C
:108D200004421C42E43E40101FF810101FF01010C7
:108D30001FF01010101010501020B9E2010021088F
:108D4000110C091009200104FFFE044004400440F6
:108D50000440084008421042203E4000BBF2005050
:108D600000480040FFFE004002403F4822482248A1
:108D700022503E50202007227852008A0304D6B1A8
:108D8000010001087FFC010001101FF810101FF006
:108D900010101FF010101FF010101014FFFE000034
:108DA000B3E4020001000104FFFE020004400820B9
:108DB0001FF0045004400440044008420842103EA2
:108DC0006000B9A6008000800880FC80108417FE37
:108DD00010841084108410841D04F10441040244A2
:108DE00004280810C2CA020001087FFC01004244A6
:108DF0002788111022484FE401200104FFFE0100E2
:108E0000010001000100CAB5020001007FFE480216
:108E10008684028010800C800484FFFE01000140E3
:108E200002200410180C6004BCCA00087DFC440039
:108E30004800480050044BFE4820442044A844A465
:108E400069225222402040A04040D4D808400A5015
:108E50007F4808480840FFFE1040FF40204828484F
:108E60007E3008200F60F892090A0A06CAE4204002
:108E700020A028A0FD10220E45F4500093C4FA54FF
:108E800013D43A54D3D412541244124412CCC8EB23
:108E90000400020001000100010002800280028043
:108EA000044004400820082010102010400E8004C8
:108EB000C1F70080404837FC10408090610827FCD3
:108EC000080411502150E150215021522152224ECC
:108ED0002440CFB500387FC00400041008203FC0F4
:108EE0000100022004103FF80108092009101108B0
:108EF00025080200CAFD084049402A400884FFFEB8
:108F000019082C884A881088FE902250222014507C
:108F10001888250E4204D1B900083FFC208020802B
:108F20002080208020882FFC208020A0209820886E
:108F3000408040849FFE0000C8AB0000000000009D
:108F400000380000300000680000440000C200014A
:108F500081000300C00600700FFFFE1018086018A3
:108F60000000180000180000186003FF80001800BF
:108F70000018000018000018081FFFFC0000000087
:108F80000000C8AB0000000000000000000300006B
:108F9000000380000007800000068000000C4000F5
:108FA000001C2000001830000030180000600C0089
:108FB00000C00700018003C0030002F807FFFF7C28
:108FC0000801809030018000400180000001800095
:108FD000000181000001838001FFFFC000018000CB
:108FE000000180000001800000018000000180007D
:108FF00000018010000180381FFFFFFC000000000E
:10900000000000000A253034645F253032645F259B
:109010003032642D253032643A253032643A2530BE
:1090200032642E25640A00252E30326657202564CE
:109030002525000AB5E7B3D8B5E7C1F73A25646D31
:10904000412C5348544333CEC2B6C83A252E303251
:1090500066A1E3432C5348544333CAAAB6C83A2501
:109060002E303266252500252E30326657202564A5
:109070002525205143332B002D000AD6D8D0C2B36A
:10908000F5CABCBBAF20535736333036562E2E2E82
:1090900000252E3032665720256425252051433285
:1090A00000252E3032665720256425252051433374
:1090B000003A00252E3032665620252E3033664188
:1090C000000A53573633303656B0E5D4D84E5443A1
:1090D000CEC2B6C83A2564A1E3432CB0E5CEC23176
:1090E0003A252E303266A1E343000A535736333017
:1090F0003656C4DABACBCEC2B6C83A252E3266A1ED
:10910000E3432CB0E5CEC2323A252E303266A1E3DD
:109110004300252E303266572025642525204643FE
:109120005000252E303266572025642525205343D4
:109130005000252E303266572025642525205044C6
:10914000505053000ACAB5BCCACAE4B3F6D7EEB44D
:10915000F3B9A6C2CA3A256457000ACAB5BCCACA3E
:10916000E4C8EBD7EEB4F3B9A6C2CA25645700250C
:109170002E30326657202564252520504446495814
:10918000000AB5E7B3D8B5E7D1B93A25646D562CD6
:109190002025642C20256400252E303266A1E6208F
:1091A0002564A1E6202564000ABDD3BFDAB5E7C176
:1091B000F73A25646D412C25640046414E3A2564FA
:1091C000252520253032642E2564000AB5E7C1BF6D
:1091D0003A256425252C4C4544C1C1B6C83A2564BE
:1091E000000ABDD3BFDAB5E7D1B93A25646D562C74
:1091F000B7E7C9C8D7AACBD92564002530326400A7
:109200000ABFE2C2D8BCC6D7EEB4F3C8DDC1BF3ACC
:109210002566576800A3AC504420505053B5E7D1A1
:10922000B900A3AC504420464958B5E7D1B9000A6B
:10923000B4A6D3DABFECB3E4B5E7D1B900CEB4B18C
:10924000A3B4E600D2D1B1A3B4E600A3AC5143333A
:109250002BD0ADD2E900A3AC564F4F4320312E3076
:10926000D0ADD2E900A3AC4D544B205045322E3046
:10927000D0ADD2E900A3AC564F4F4320342E30D0AE
:10928000ADD2E900A3AC4D544B205045312E31D026
:10929000ADD2E900A3AC514332D0ADD2E900A3ACCA
:1092A000514333D0ADD2E900A3AC414643D0ADD257
:1092B000E900A3AC537570657220564F4F43D0AD93
:1092C000D2E900A3AC53464350D0ADD2E900A3ACE1
:1092D000464350D0ADD2E900A3AC534350D0ADD2F9
:1092E000E9000ACEDED0ADD2E900A3ACB4A6D3DA51
:1092F000BFECB3E4D0ADD2E900000000504138D259
:10930000FDBDC550574D0000313256BFAAB9D82017
:10931000BFAA0000CAB1BCE4C9E8D6C3000000007F
:10932000B1A3B4E6C9E8D6C300000000313256BF8D
:10933000AAB9D820B9D8000000010102000000003D
:10934000551E0008010000020000000091260008E0
:109350000203170700000000892400080304020824
:109360000000000089240008040503040000000038
:10937000892400080506040F000000008924000865
:1093800006110510000000008924000807070707E0
:1093900002000000ED3B0008080808090300000077
:1093A000551400080909090A0300000055140008B3
:1093B0000A0A0A0B03000000551400080B0B0B0CE3
:1093C00003000000551400080C0C0C0D03000000F5
:1093D000551400080D0D0D0E030000005514000873
:1093E0000E0E0E0803000000551400080F0F0F0F9B
:1093F00005000000F516000810101010060000000F
:10940000F55400081113061200000000892400081A
:109410001212121211000000293D00081315111438
:109420000000000089240008141414141300000024
:10943000453B00081517131600000000892400089A
:1094400016161616150000007D3C000817021518A8
:1094500000000000892400081818181817000000E0
:10946000793A000800000000000000000000000041
:1094700000000000000000000000000000000000EC
:1094800000000000000000000000000000000000DC
:1094900000000000000000000000000000000000CC
:1094A00000000000000000000000000000000000BC
:1094B00000000000000000000000000000000000AC
:1094C000000000000000000000000000000000009C
:1094D000000000000000000000000000000000008C
:1094E000000000000000000000000000000000007C
:1094F000000000000000000000000000000000006C
:10950000000000000000000000000000000000005B
:10951000000000000000000000000000000000004B
:10952000000000000000000000000000000000003B
:10953000000000000000000000000000000000002B
:10954000000000000000000000000000000000001B
:10955000000000000000000000000000000000000B
:1095600000000000000000000000000000000000FB
:1095700000000000000000000000000000000000EB
:1095800000000000000000000000000000000000DB
:1095900000000000000000000000000000000000CB
:1095A00000000000000000000000000000000000BB
:1095B00000000000000000000000000000000000AB
:1095C000000000000000000000000000000000009B
:1095D000000000000000000000000000000000008B
:1095E000000000000000000000000000000000007B
:1095F000000000000000000000000000000000006B
:10960000000000000000000000000000000000005A
:10961000000000000000000000000000000000004A
:10962000000000000000000000000000000000003A
:10963000000000000000000000000000000000002A
:10964000000000000000000000000000000000001A
:10965000000000000000000000000000000000000A
:1096600000000000000000000000000000000000FA
:1096700000000000000000000000000000000000EA
:1096800000000000000000000000000000000000DA
:1096900000000000000000000000000000000000CA
:1096A00000000000000000000000000000000000BA
:1096B00000000000000000000000000000000000AA
:1096C000000000000000000000000000000000009A
:1096D000000000000000000000000000000000008A
:1096E000000000000000000000000000000000007A
:1096F000000000000000000000000000000000006A
:109700000000000000000000000000000000000059
:109710000000000000000000000000000000000049
:109720000000000000000000000000000000000039
:109730000000000000000000000000000000000029
:109740000000000000000000000000000000000019
:109750000000000000000000000000000000000009
:1097600000000000000000000000000000000000F9
:1097700000000000000000000000000000000000E9
:1097800000000000000000000000000000000000D9
:1097900000000000000000000000000000000000C9
:1097A00000000000000000000000000000000000B9
:1097B00000000000000000000000000000000000A9
:1097C0000000000000000000000000000000000099
:1097D0000000000000000000000000000000000089
:1097E00000000000000000000898000800000020B1
:1097F000E0000000626E0008E8980008E000002029
:10980000400A0000726E0008000000000000000026
:109810000000000000000000000000000000000048
:109820000000000000000000000000000000000038
:109830000000000000000000000000000000000028
:109840000000000000000000000000000000000018
:109850000000000000000000000000000000000008
:1098600000000000000000000000000000000000F8
:1098700000000000000000000000000000000000E8
:1098800000000000000000000000000000000000D8
:1098900000000000000000000000000000000000C8
:1098A00000000000000000000000000000000000B8
:1098B00000000000000000000000000000000000A8
:1098C0000000000000000000000000000000000098
:1098D000000080406400000000127A0000000C428A
:0898E0001F01FF000000000061
:04000005080000C12E
:00000001FF
